-- phpMyAdmin SQL Dump
-- version 4.8.5
-- https://www.phpmyadmin.net/
--
-- Host: 127.0.0.1
-- Generation Time: Jul 03, 2019 at 01:18 AM
-- Server version: 10.1.38-MariaDB
-- PHP Version: 7.3.4

SET SQL_MODE = "NO_AUTO_VALUE_ON_ZERO";
SET AUTOCOMMIT = 0;
START TRANSACTION;
SET time_zone = "+00:00";


/*!40101 SET @OLD_CHARACTER_SET_CLIENT=@@CHARACTER_SET_CLIENT */;
/*!40101 SET @OLD_CHARACTER_SET_RESULTS=@@CHARACTER_SET_RESULTS */;
/*!40101 SET @OLD_COLLATION_CONNECTION=@@COLLATION_CONNECTION */;
/*!40101 SET NAMES utf8mb4 */;

--
-- Database: `pnc_soa_final`
--

-- --------------------------------------------------------

--
-- Table structure for table `choices`
--

CREATE TABLE `choices` (
  `id` int(11) NOT NULL,
  `test_question_id` int(11) NOT NULL,
  `body` text COLLATE utf8mb4_unicode_ci NOT NULL,
  `is_correct` tinyint(1) NOT NULL,
  `is_active` tinyint(1) NOT NULL,
  `user_id` int(11) NOT NULL,
  `created_at` timestamp NULL DEFAULT NULL,
  `updated_at` timestamp NULL DEFAULT NULL
) ENGINE=InnoDB DEFAULT CHARSET=utf8mb4 COLLATE=utf8mb4_unicode_ci;

--
-- Dumping data for table `choices`
--

INSERT INTO `choices` (`id`, `test_question_id`, `body`, `is_correct`, `is_active`, `user_id`, `created_at`, `updated_at`) VALUES
(1, 1, 'x = 1', 1, 1, 2, '2019-06-30 03:56:29', '2019-06-30 04:25:29'),
(2, 1, 'x = 4', 0, 1, 2, '2019-06-30 03:56:29', '2019-06-30 04:25:30'),
(3, 1, 'x = 2', 0, 1, 2, '2019-06-30 03:56:29', '2019-06-30 04:25:30'),
(4, 2, '12', 0, 1, 2, '2019-06-30 07:17:32', '2019-06-30 07:41:15'),
(5, 2, '11', 0, 1, 2, '2019-06-30 07:17:32', '2019-06-30 07:41:15'),
(6, 2, '10', 1, 1, 2, '2019-06-30 07:17:33', '2019-06-30 07:41:15'),
(7, 3, 'Audrey > Ilana > Dave', 1, 1, 2, '2019-06-30 07:22:31', '2019-06-30 07:24:54'),
(8, 3, 'Audrey > Bill > Emily > Dave', 0, 1, 2, '2019-06-30 07:22:31', '2019-06-30 07:24:55'),
(9, 3, 'Audrey > Dave', 0, 1, 2, '2019-06-30 07:22:31', '2019-06-30 07:24:55'),
(10, 4, 'Hartford > New Haven > Providence > Canton', 0, 1, 2, '2019-06-30 07:28:34', '2019-06-30 07:28:34'),
(11, 4, 'Hartford > Sturbridge > Weston > Canton', 1, 1, 2, '2019-06-30 07:28:34', '2019-06-30 07:28:34'),
(12, 4, 'Hartford > Springfield > Sturbridge > Weston > Canton', 0, 1, 2, '2019-06-30 07:28:34', '2019-06-30 07:28:34'),
(13, 5, 'Insertion Sort', 0, 1, 2, '2019-06-30 07:32:18', '2019-06-30 07:32:59'),
(14, 5, 'Merge Sort', 0, 1, 2, '2019-06-30 07:32:18', '2019-06-30 07:32:59'),
(15, 5, 'Quick Sort', 1, 1, 2, '2019-06-30 07:32:18', '2019-06-30 07:32:59'),
(16, 5, 'Bubble Sort', 0, 1, 2, '2019-06-30 07:32:18', '2019-06-30 07:32:59'),
(17, 6, 'Queue', 0, 1, 2, '2019-06-30 07:38:24', '2019-06-30 07:38:24'),
(18, 6, 'Stack', 0, 1, 2, '2019-06-30 07:38:24', '2019-06-30 07:38:24'),
(19, 6, 'Arrays', 0, 1, 2, '2019-06-30 07:38:25', '2019-06-30 07:38:25'),
(20, 6, 'All of the above', 1, 1, 2, '2019-06-30 07:38:25', '2019-06-30 07:38:25'),
(21, 7, '5', 0, 1, 2, '2019-06-30 07:39:38', '2019-06-30 07:39:38'),
(22, 7, '4', 0, 1, 2, '2019-06-30 07:39:38', '2019-06-30 07:39:38'),
(23, 7, '3', 0, 1, 2, '2019-06-30 07:39:38', '2019-06-30 07:39:38'),
(24, 7, '2', 1, 1, 2, '2019-06-30 07:39:38', '2019-06-30 07:39:38'),
(25, 8, 'The matrix A itself', 1, 1, 2, '2019-06-30 07:44:26', '2019-06-30 07:44:26'),
(26, 8, 'Transpose of matrix A', 0, 1, 2, '2019-06-30 07:44:26', '2019-06-30 07:44:26'),
(27, 8, 'Adding 100 to the upper diagonal elements and subtracting 100 from diagonal elements of A', 0, 1, 2, '2019-06-30 07:44:26', '2019-06-30 07:44:26'),
(28, 8, 'None of the above', 0, 1, 2, '2019-06-30 07:44:26', '2019-06-30 07:44:26'),
(29, 9, 'int arr[20];', 1, 1, 2, '2019-06-30 07:48:40', '2019-06-30 07:48:40'),
(30, 9, 'int arr;', 0, 1, 2, '2019-06-30 07:48:41', '2019-06-30 07:48:41'),
(31, 9, 'arr{20};', 0, 1, 2, '2019-06-30 07:48:41', '2019-06-30 07:48:41'),
(32, 9, 'array arr[20];', 0, 1, 2, '2019-06-30 07:48:41', '2019-06-30 07:48:41'),
(33, 10, 'Prints all nodes of linked lists', 0, 1, 2, '2019-06-30 07:51:28', '2019-06-30 07:51:28'),
(34, 10, 'Prints all nodes of linked list in reverse order', 1, 1, 2, '2019-06-30 07:51:28', '2019-06-30 07:51:28'),
(35, 10, 'Prints alternate nodes of Linked List', 0, 1, 2, '2019-06-30 07:51:28', '2019-06-30 07:51:28'),
(36, 10, 'Prints alternate nodes in reverse order', 0, 1, 2, '2019-06-30 07:51:28', '2019-06-30 07:51:28'),
(37, 11, 'Arrays have better cache locality that can make them better in terms of performance.', 0, 1, 2, '2019-06-30 07:52:51', '2019-06-30 07:53:05'),
(38, 11, 'It is easy to insert and delete elements in Linked List', 0, 1, 2, '2019-06-30 07:52:51', '2019-06-30 07:53:05'),
(39, 11, 'Random access is not allowed in a typical implementation of Linked Lists', 0, 1, 2, '2019-06-30 07:52:51', '2019-06-30 07:53:05'),
(40, 11, 'All of the above', 1, 1, 2, '2019-06-30 07:52:51', '2019-06-30 07:53:05'),
(41, 12, 'Insertion sort', 0, 1, 2, '2019-06-30 07:54:26', '2019-06-30 07:54:42'),
(42, 12, 'Quick Sort', 0, 1, 2, '2019-06-30 07:54:26', '2019-06-30 07:54:42'),
(43, 12, 'Heap Sort', 0, 1, 2, '2019-06-30 07:54:26', '2019-06-30 07:54:42'),
(44, 12, 'Merge Sort', 1, 1, 2, '2019-06-30 07:54:27', '2019-06-30 07:54:42'),
(45, 13, '*head_ref = prev;', 1, 1, 2, '2019-06-30 07:56:54', '2019-06-30 07:57:56'),
(46, 13, '*head_ref = current;', 0, 1, 2, '2019-06-30 07:56:55', '2019-06-30 07:57:56'),
(47, 13, '*head_ref = next;', 0, 1, 2, '2019-06-30 07:56:55', '2019-06-30 07:57:56'),
(48, 13, '*head_ref = NULL;', 0, 1, 2, '2019-06-30 07:56:55', '2019-06-30 07:57:56'),
(49, 14, '1 4 6 6 4 1', 0, 1, 2, '2019-06-30 08:00:04', '2019-06-30 08:00:04'),
(50, 14, '1 3 5 1 3 5', 0, 1, 2, '2019-06-30 08:00:04', '2019-06-30 08:00:04'),
(51, 14, '1 2 3 5', 0, 1, 2, '2019-06-30 08:00:04', '2019-06-30 08:00:04'),
(52, 14, '1 3 5 5 3 1', 1, 1, 2, '2019-06-30 08:00:04', '2019-06-30 08:00:04'),
(53, 15, 'Managing function calls', 0, 1, 2, '2019-06-30 08:04:32', '2019-06-30 08:04:32'),
(54, 15, 'The stock span problem', 0, 1, 2, '2019-06-30 08:04:32', '2019-06-30 08:04:32'),
(55, 15, 'Arithmetic expression evaluation', 0, 1, 2, '2019-06-30 08:04:32', '2019-06-30 08:04:32'),
(56, 15, 'All of the above', 1, 1, 2, '2019-06-30 08:04:32', '2019-06-30 08:04:32'),
(57, 16, 'In push operation, if new nodes are inserted at the beginning of linked list, then in pop operation, nodes must be removed from end.', 0, 1, 2, '2019-06-30 08:05:58', '2019-06-30 08:05:58'),
(58, 16, 'In push operation, if new nodes are inserted at the end, then in pop operation, nodes must be removed from the beginning.', 0, 1, 2, '2019-06-30 08:05:58', '2019-06-30 08:05:58'),
(59, 16, 'Both of the above', 0, 1, 2, '2019-06-30 08:05:58', '2019-06-30 08:05:58'),
(60, 16, 'None of the above', 1, 1, 2, '2019-06-30 08:05:58', '2019-06-30 08:05:58'),
(61, 17, '284', 0, 1, 2, '2019-06-30 08:08:07', '2019-06-30 08:08:07'),
(62, 17, '213', 0, 1, 2, '2019-06-30 08:08:07', '2019-06-30 08:08:07'),
(63, 17, '142', 1, 1, 2, '2019-06-30 08:08:07', '2019-06-30 08:08:07'),
(64, 17, '71', 0, 1, 2, '2019-06-30 08:08:07', '2019-06-30 08:08:07'),
(65, 18, 'Queue', 0, 1, 2, '2019-06-30 08:09:55', '2019-06-30 08:09:55'),
(66, 18, 'Stack', 1, 1, 2, '2019-06-30 08:09:55', '2019-06-30 08:09:55'),
(67, 18, 'Tree', 0, 1, 2, '2019-06-30 08:09:55', '2019-06-30 08:09:55'),
(68, 19, 'Every binary tree is either complete or full.', 0, 1, 2, '2019-06-30 08:36:10', '2019-06-30 08:36:10'),
(69, 19, 'Every complete binary tree is also a full binary tree.', 0, 1, 2, '2019-06-30 08:36:10', '2019-06-30 08:36:10'),
(70, 19, 'No binary tree is both complete and full.', 0, 1, 2, '2019-06-30 08:36:10', '2019-06-30 08:36:10'),
(71, 19, 'None of the choices.', 1, 1, 2, '2019-06-30 08:36:10', '2019-06-30 08:36:10'),
(72, 20, 'n/2', 0, 1, 2, '2019-06-30 08:37:44', '2019-06-30 08:37:44'),
(73, 20, '(n-1)/3', 0, 1, 2, '2019-06-30 08:37:44', '2019-06-30 08:37:44'),
(74, 20, '(n-1)/2', 0, 1, 2, '2019-06-30 08:37:44', '2019-06-30 08:37:44'),
(75, 20, '(2n+1)/3', 1, 1, 2, '2019-06-30 08:37:44', '2019-06-30 08:37:44'),
(76, 21, 'When a resource is shared among multiple consumers.', 0, 1, 2, '2019-06-30 08:40:43', '2019-06-30 08:40:43'),
(77, 21, 'When data is transferred asynchronously (data not necessarily received at same rate as sent) between two processes', 0, 1, 2, '2019-06-30 08:40:43', '2019-06-30 08:40:43'),
(78, 21, 'Load Balancing', 0, 1, 2, '2019-06-30 08:40:43', '2019-06-30 08:40:43'),
(79, 21, 'All of the choices', 1, 1, 2, '2019-06-30 08:40:43', '2019-06-30 08:40:43'),
(80, 22, '1', 0, 1, 2, '2019-06-30 08:41:28', '2019-06-30 08:41:28'),
(81, 22, '2', 1, 1, 2, '2019-06-30 08:41:28', '2019-06-30 08:41:28'),
(82, 22, '3', 0, 1, 2, '2019-06-30 08:41:28', '2019-06-30 08:41:28'),
(83, 22, '4', 0, 1, 2, '2019-06-30 08:41:28', '2019-06-30 08:41:28'),
(84, 23, 'O(n) for all', 1, 1, 2, '2019-06-30 08:43:13', '2019-06-30 08:43:13'),
(85, 23, 'O(Logn) for all', 0, 1, 2, '2019-06-30 08:43:13', '2019-06-30 08:43:13'),
(86, 23, 'O(Logn) for search and insert, and O(n) for delete', 0, 1, 2, '2019-06-30 08:43:13', '2019-06-30 08:43:13'),
(87, 23, 'O(Logn) for search, and O(n) for insert and delete', 0, 1, 2, '2019-06-30 08:43:13', '2019-06-30 08:43:13'),
(88, 24, 'Preorder', 0, 1, 2, '2019-06-30 08:45:21', '2019-06-30 08:45:21'),
(89, 24, 'Inorder', 1, 1, 2, '2019-06-30 08:45:21', '2019-06-30 08:45:21'),
(90, 24, 'Postorder', 0, 1, 2, '2019-06-30 08:45:21', '2019-06-30 08:45:21'),
(91, 25, '7 5 1 0 3 2 4 6 8 9', 0, 1, 2, '2019-06-30 08:46:32', '2019-06-30 08:46:32'),
(92, 25, '0 2 4 3 1 6 5 9 8 7', 0, 1, 2, '2019-06-30 08:46:32', '2019-06-30 08:46:32'),
(93, 25, '0 1 2 3 4 5 6 7 8 9', 1, 1, 2, '2019-06-30 08:46:32', '2019-06-30 08:46:32'),
(94, 25, '9 8 6 4 2 3 0 1 5 7', 0, 1, 2, '2019-06-30 08:46:32', '2019-06-30 08:46:32'),
(95, 26, '10, 20, 15, 23, 25, 35, 42, 39, 30', 0, 1, 2, '2019-06-30 08:47:33', '2019-06-30 08:47:33'),
(96, 26, '15, 10, 25, 23, 20, 42, 35, 39, 30', 0, 1, 2, '2019-06-30 08:47:34', '2019-06-30 08:47:34'),
(97, 26, '15, 20, 10, 23, 25, 42, 35, 39, 30', 0, 1, 2, '2019-06-30 08:47:34', '2019-06-30 08:47:34'),
(98, 26, '15, 10, 23, 25, 20, 35, 42, 39, 30', 1, 1, 2, '2019-06-30 08:47:34', '2019-06-30 08:47:34'),
(99, 27, '46, 42, 34, 52, 23, 33', 0, 1, 2, '2019-06-30 08:50:30', '2019-06-30 08:50:30'),
(100, 27, '34, 42, 23, 52, 33, 46', 0, 1, 2, '2019-06-30 08:50:30', '2019-06-30 08:50:30'),
(101, 27, '46, 34, 42, 23, 52, 33', 1, 1, 2, '2019-06-30 08:50:30', '2019-06-30 08:50:30'),
(102, 28, 'A', 0, 1, 2, '2019-06-30 08:52:27', '2019-06-30 08:52:27'),
(103, 28, 'B', 0, 1, 2, '2019-06-30 08:52:27', '2019-06-30 08:52:27'),
(104, 28, 'C', 1, 1, 2, '2019-06-30 08:52:27', '2019-06-30 08:52:27'),
(105, 28, 'D', 0, 1, 2, '2019-06-30 08:52:27', '2019-06-30 08:52:27'),
(106, 29, 'A', 0, 1, 2, '2019-06-30 08:55:10', '2019-06-30 08:55:48'),
(107, 29, 'B', 1, 1, 2, '2019-06-30 08:55:10', '2019-06-30 08:55:48'),
(108, 29, 'C', 0, 1, 2, '2019-06-30 08:55:10', '2019-06-30 08:55:48'),
(109, 29, 'D', 0, 1, 2, '2019-06-30 08:55:10', '2019-06-30 08:55:48'),
(110, 30, 'log 2 n', 0, 1, 2, '2019-06-30 08:57:18', '2019-06-30 08:57:18'),
(111, 30, 'n/2', 0, 1, 2, '2019-06-30 08:57:18', '2019-06-30 08:57:18'),
(112, 30, 'log 2 n – 1', 0, 1, 2, '2019-06-30 08:57:18', '2019-06-30 08:57:18'),
(113, 30, 'n', 1, 1, 2, '2019-06-30 08:57:18', '2019-06-30 08:57:18'),
(114, 31, '10', 0, 1, 2, '2019-06-30 09:08:18', '2019-06-30 09:18:26'),
(115, 31, '20', 1, 1, 2, '2019-06-30 09:08:18', '2019-06-30 09:18:26'),
(116, 31, '12', 0, 1, 2, '2019-06-30 09:08:18', '2019-06-30 09:18:26'),
(117, 32, 'A', 1, 1, 2, '2019-06-30 11:03:18', '2019-06-30 11:03:18'),
(118, 32, 'B', 0, 1, 2, '2019-06-30 11:03:18', '2019-06-30 11:03:18'),
(119, 32, 'C', 0, 1, 2, '2019-06-30 11:03:18', '2019-06-30 11:03:18'),
(120, 33, 'A', 1, 1, 2, '2019-06-30 11:03:47', '2019-06-30 11:03:47'),
(121, 33, 'B', 0, 1, 2, '2019-06-30 11:03:47', '2019-06-30 11:03:47'),
(122, 33, 'C', 0, 1, 2, '2019-06-30 11:03:47', '2019-06-30 11:03:47'),
(123, 34, 'A', 1, 1, 2, '2019-06-30 11:04:26', '2019-06-30 11:04:26'),
(124, 34, 'B', 0, 1, 2, '2019-06-30 11:04:26', '2019-06-30 11:04:26'),
(125, 34, 'C', 0, 1, 2, '2019-06-30 11:04:26', '2019-06-30 11:04:26'),
(126, 35, 'A', 1, 1, 2, '2019-06-30 11:04:48', '2019-06-30 11:04:48'),
(127, 35, 'B', 0, 1, 2, '2019-06-30 11:04:48', '2019-06-30 11:04:48'),
(128, 35, 'C', 0, 1, 2, '2019-06-30 11:04:48', '2019-06-30 11:04:48'),
(129, 36, 'A', 1, 1, 2, '2019-06-30 11:05:32', '2019-06-30 11:05:32'),
(130, 36, 'B', 0, 1, 2, '2019-06-30 11:05:32', '2019-06-30 11:05:32'),
(131, 36, 'C', 0, 1, 2, '2019-06-30 11:05:32', '2019-06-30 11:05:32'),
(132, 37, 'A', 1, 1, 2, '2019-06-30 11:06:00', '2019-06-30 11:06:00'),
(133, 37, 'B', 0, 1, 2, '2019-06-30 11:06:00', '2019-06-30 11:06:00'),
(134, 37, 'C', 0, 1, 2, '2019-06-30 11:06:00', '2019-06-30 11:06:00'),
(135, 38, 'A', 1, 1, 2, '2019-06-30 11:06:30', '2019-06-30 11:06:30'),
(136, 38, 'B', 0, 1, 2, '2019-06-30 11:06:30', '2019-06-30 11:06:30'),
(137, 38, 'C', 0, 1, 2, '2019-06-30 11:06:30', '2019-06-30 11:06:30'),
(138, 39, 'A', 1, 1, 2, '2019-06-30 11:06:53', '2019-06-30 11:06:53'),
(139, 39, 'B', 0, 1, 2, '2019-06-30 11:06:54', '2019-06-30 11:06:54'),
(140, 39, 'C', 0, 1, 2, '2019-06-30 11:06:54', '2019-06-30 11:06:54'),
(141, 40, 'A', 1, 1, 2, '2019-06-30 11:07:13', '2019-06-30 11:07:13'),
(142, 40, 'B', 0, 1, 2, '2019-06-30 11:07:13', '2019-06-30 11:07:13'),
(143, 40, 'C', 0, 1, 2, '2019-06-30 11:07:13', '2019-06-30 11:07:13'),
(144, 41, 'A', 1, 1, 2, '2019-06-30 11:07:48', '2019-06-30 11:07:48'),
(145, 41, 'B', 0, 1, 2, '2019-06-30 11:07:48', '2019-06-30 11:07:48'),
(146, 41, 'C', 0, 1, 2, '2019-06-30 11:07:48', '2019-06-30 11:07:48'),
(147, 42, 'A', 0, 1, 2, '2019-06-30 11:08:07', '2019-06-30 11:08:07'),
(148, 42, 'B', 1, 1, 2, '2019-06-30 11:08:07', '2019-06-30 11:08:07'),
(149, 42, 'C', 0, 1, 2, '2019-06-30 11:08:07', '2019-06-30 11:08:07'),
(150, 43, 'A', 0, 1, 2, '2019-06-30 11:08:25', '2019-06-30 11:08:25'),
(151, 43, 'B', 1, 1, 2, '2019-06-30 11:08:25', '2019-06-30 11:08:25'),
(152, 43, 'C', 0, 1, 2, '2019-06-30 11:08:25', '2019-06-30 11:08:25'),
(153, 44, 'A', 0, 1, 2, '2019-06-30 11:08:47', '2019-06-30 11:08:47'),
(154, 44, 'B', 1, 1, 2, '2019-06-30 11:08:48', '2019-06-30 11:08:48'),
(155, 44, 'C', 0, 1, 2, '2019-06-30 11:08:48', '2019-06-30 11:08:48'),
(156, 45, 'A', 0, 1, 2, '2019-06-30 11:09:04', '2019-06-30 11:09:04'),
(157, 45, 'B', 1, 1, 2, '2019-06-30 11:09:04', '2019-06-30 11:09:04'),
(158, 45, 'C', 0, 1, 2, '2019-06-30 11:09:04', '2019-06-30 11:09:04'),
(159, 46, 'A', 0, 1, 2, '2019-06-30 11:09:21', '2019-06-30 11:09:21'),
(160, 46, 'B', 1, 1, 2, '2019-06-30 11:09:21', '2019-06-30 11:09:21'),
(161, 46, 'C', 0, 1, 2, '2019-06-30 11:09:21', '2019-06-30 11:09:21'),
(162, 47, 'A', 0, 1, 2, '2019-06-30 11:09:40', '2019-06-30 11:09:40'),
(163, 47, 'B', 1, 1, 2, '2019-06-30 11:09:40', '2019-06-30 11:09:40'),
(164, 47, 'C', 0, 1, 2, '2019-06-30 11:09:40', '2019-06-30 11:09:40'),
(165, 48, 'A', 0, 1, 2, '2019-06-30 11:10:02', '2019-06-30 11:10:02'),
(166, 48, 'B', 1, 1, 2, '2019-06-30 11:10:02', '2019-06-30 11:10:02'),
(167, 48, 'C', 0, 1, 2, '2019-06-30 11:10:02', '2019-06-30 11:10:02'),
(168, 49, 'A', 0, 1, 2, '2019-06-30 11:10:33', '2019-06-30 11:10:33'),
(169, 49, 'B', 1, 1, 2, '2019-06-30 11:10:33', '2019-06-30 11:10:33'),
(170, 49, 'C', 0, 1, 2, '2019-06-30 11:10:33', '2019-06-30 11:10:33'),
(171, 50, 'A', 0, 1, 2, '2019-06-30 11:10:57', '2019-06-30 11:10:57'),
(172, 50, 'B', 1, 1, 2, '2019-06-30 11:10:57', '2019-06-30 11:10:57'),
(173, 50, 'C', 0, 1, 2, '2019-06-30 11:10:57', '2019-06-30 11:10:57'),
(174, 51, 'A', 0, 1, 2, '2019-06-30 11:11:23', '2019-06-30 11:11:23'),
(175, 51, 'B', 1, 1, 2, '2019-06-30 11:11:23', '2019-06-30 11:11:23'),
(176, 51, 'C', 0, 1, 2, '2019-06-30 11:11:23', '2019-06-30 11:11:23'),
(177, 52, 'A', 0, 1, 2, '2019-06-30 11:12:02', '2019-06-30 11:12:02'),
(178, 52, 'B', 0, 1, 2, '2019-06-30 11:12:02', '2019-06-30 11:12:02'),
(179, 52, 'C', 1, 1, 2, '2019-06-30 11:12:02', '2019-06-30 11:12:02'),
(180, 53, 'A', 0, 1, 2, '2019-06-30 11:12:25', '2019-06-30 11:12:25'),
(181, 53, 'B', 0, 1, 2, '2019-06-30 11:12:25', '2019-06-30 11:12:25'),
(182, 53, 'C', 1, 1, 2, '2019-06-30 11:12:25', '2019-06-30 11:12:25'),
(183, 54, 'A', 0, 1, 2, '2019-06-30 11:12:44', '2019-06-30 11:12:44'),
(184, 54, 'B', 0, 1, 2, '2019-06-30 11:12:44', '2019-06-30 11:12:44'),
(185, 54, 'C', 1, 1, 2, '2019-06-30 11:12:44', '2019-06-30 11:12:44'),
(186, 55, 'A', 0, 1, 2, '2019-06-30 11:13:09', '2019-06-30 11:13:09'),
(187, 55, 'B', 0, 1, 2, '2019-06-30 11:13:09', '2019-06-30 11:13:09'),
(188, 55, 'C', 1, 1, 2, '2019-06-30 11:13:09', '2019-06-30 11:13:09'),
(189, 56, 'A', 0, 1, 2, '2019-06-30 11:13:26', '2019-06-30 11:13:26'),
(190, 56, 'B', 0, 1, 2, '2019-06-30 11:13:26', '2019-06-30 11:13:26'),
(191, 56, 'C', 1, 1, 2, '2019-06-30 11:13:26', '2019-06-30 11:13:26'),
(192, 57, 'A', 0, 1, 2, '2019-06-30 11:13:44', '2019-06-30 11:13:44'),
(193, 57, 'B', 0, 1, 2, '2019-06-30 11:13:44', '2019-06-30 11:13:44'),
(194, 57, 'C', 1, 1, 2, '2019-06-30 11:13:44', '2019-06-30 11:13:44'),
(195, 58, 'A', 0, 1, 2, '2019-06-30 11:14:01', '2019-06-30 11:14:01'),
(196, 58, 'B', 0, 1, 2, '2019-06-30 11:14:02', '2019-06-30 11:14:02'),
(197, 58, 'C', 1, 1, 2, '2019-06-30 11:14:02', '2019-06-30 11:14:02'),
(198, 59, 'A', 0, 1, 2, '2019-06-30 11:14:19', '2019-06-30 11:14:19'),
(199, 59, 'B', 0, 1, 2, '2019-06-30 11:14:20', '2019-06-30 11:14:20'),
(200, 59, 'C', 1, 1, 2, '2019-06-30 11:14:20', '2019-06-30 11:14:20'),
(201, 60, 'A', 0, 1, 2, '2019-06-30 11:14:39', '2019-06-30 11:14:39'),
(202, 60, 'B', 0, 1, 2, '2019-06-30 11:14:39', '2019-06-30 11:14:39'),
(203, 60, 'C', 1, 1, 2, '2019-06-30 11:14:39', '2019-06-30 11:14:39'),
(204, 61, 'A', 0, 1, 2, '2019-06-30 11:14:59', '2019-06-30 11:14:59'),
(205, 61, 'B', 0, 1, 2, '2019-06-30 11:14:59', '2019-06-30 11:14:59'),
(206, 61, 'C', 1, 1, 2, '2019-06-30 11:14:59', '2019-06-30 11:14:59'),
(207, 62, 'The average velocity is 40 miles per hour.', 0, 1, 2, '2019-06-30 17:48:38', '2019-07-02 02:38:39'),
(208, 62, 'The total displacement of the trip is 300 miles.', 0, 1, 2, '2019-06-30 17:48:38', '2019-07-02 02:38:40'),
(209, 62, 'The average speed is 37.5 miles per hour.', 1, 1, 2, '2019-06-30 17:48:38', '2019-07-02 02:38:40'),
(210, 63, 'Increasing', 1, 1, 2, '2019-06-30 17:49:06', '2019-07-02 02:44:42'),
(211, 63, 'Decreasing', 0, 1, 2, '2019-06-30 17:49:06', '2019-07-02 02:44:42'),
(212, 63, 'Not enough information', 0, 1, 2, '2019-06-30 17:49:06', '2019-07-02 02:44:42'),
(213, 64, '30', 0, 1, 2, '2019-06-30 17:49:30', '2019-07-02 03:08:23'),
(214, 64, '35', 1, 1, 2, '2019-06-30 17:49:30', '2019-07-02 03:08:23'),
(215, 64, '32', 0, 1, 2, '2019-06-30 17:49:31', '2019-07-02 03:08:23'),
(216, 65, 'Same maximum height', 0, 1, 2, '2019-06-30 17:49:49', '2019-07-02 02:49:56'),
(217, 65, '30°', 0, 1, 2, '2019-06-30 17:49:49', '2019-07-02 02:49:56'),
(218, 65, 'Not enough information', 0, 1, 2, '2019-06-30 17:49:49', '2019-07-02 02:49:56'),
(219, 66, '121', 0, 1, 2, '2019-06-30 17:50:07', '2019-07-02 02:40:45'),
(220, 66, '163', 1, 1, 2, '2019-06-30 17:50:07', '2019-07-02 02:40:45'),
(221, 66, '199', 0, 1, 2, '2019-06-30 17:50:07', '2019-07-02 02:40:45'),
(222, 67, 'A', 1, 1, 2, '2019-06-30 17:50:24', '2019-06-30 17:50:24'),
(223, 67, 'B', 0, 1, 2, '2019-06-30 17:50:24', '2019-06-30 17:50:24'),
(224, 67, 'C', 0, 1, 2, '2019-06-30 17:50:24', '2019-06-30 17:50:24'),
(225, 68, '[[#img23]]', 1, 1, 2, '2019-06-30 17:50:48', '2019-07-02 02:57:52'),
(226, 68, '[[#img24]]', 0, 1, 2, '2019-06-30 17:50:48', '2019-07-02 02:57:52'),
(227, 68, '[[#img25]]', 0, 1, 2, '2019-06-30 17:50:48', '2019-07-02 02:57:52'),
(228, 69, '23', 0, 1, 2, '2019-06-30 17:51:07', '2019-07-02 03:12:41'),
(229, 69, '20', 0, 1, 2, '2019-06-30 17:51:07', '2019-07-02 03:12:41'),
(230, 69, '22', 1, 1, 2, '2019-06-30 17:51:07', '2019-07-02 03:12:41'),
(231, 70, '[[#img28]]', 1, 1, 2, '2019-06-30 17:51:24', '2019-07-02 03:05:20'),
(232, 70, '[[#img29]]', 0, 1, 2, '2019-06-30 17:51:24', '2019-07-02 03:05:20'),
(233, 70, '[[#img30]]', 0, 1, 2, '2019-06-30 17:51:24', '2019-07-02 03:05:20'),
(234, 71, 'A', 1, 1, 2, '2019-06-30 17:51:41', '2019-06-30 17:51:41'),
(235, 71, 'B', 0, 1, 2, '2019-06-30 17:51:41', '2019-06-30 17:51:41'),
(236, 71, 'C', 0, 1, 2, '2019-06-30 17:51:41', '2019-06-30 17:51:41'),
(237, 72, 'A', 0, 1, 2, '2019-06-30 17:52:03', '2019-06-30 17:52:03'),
(238, 72, 'B', 1, 1, 2, '2019-06-30 17:52:03', '2019-06-30 17:52:03'),
(239, 72, 'C', 0, 1, 2, '2019-06-30 17:52:03', '2019-06-30 17:52:03'),
(240, 73, 'A', 0, 1, 2, '2019-06-30 17:52:20', '2019-06-30 17:52:20'),
(241, 73, 'B', 1, 1, 2, '2019-06-30 17:52:20', '2019-06-30 17:52:20'),
(242, 73, 'C', 0, 1, 2, '2019-06-30 17:52:20', '2019-06-30 17:52:20'),
(243, 74, 'A', 0, 1, 2, '2019-06-30 17:52:42', '2019-06-30 17:52:42'),
(244, 74, 'B', 1, 1, 2, '2019-06-30 17:52:42', '2019-06-30 17:52:42'),
(245, 74, 'C', 0, 1, 2, '2019-06-30 17:52:42', '2019-06-30 17:52:42'),
(246, 75, 'A', 0, 1, 2, '2019-06-30 17:53:02', '2019-06-30 17:53:02'),
(247, 75, 'B', 1, 1, 2, '2019-06-30 17:53:02', '2019-06-30 17:53:02'),
(248, 75, 'C', 0, 1, 2, '2019-06-30 17:53:02', '2019-06-30 17:53:02'),
(249, 76, 'A', 0, 1, 2, '2019-06-30 17:53:23', '2019-06-30 17:53:23'),
(250, 76, 'B', 1, 1, 2, '2019-06-30 17:53:23', '2019-06-30 17:53:23'),
(251, 76, 'C', 0, 1, 2, '2019-06-30 17:53:23', '2019-06-30 17:53:23'),
(252, 77, 'A', 0, 1, 2, '2019-06-30 17:53:48', '2019-06-30 17:53:48'),
(253, 77, 'B', 1, 1, 2, '2019-06-30 17:53:48', '2019-06-30 17:53:48'),
(254, 77, 'C', 0, 1, 2, '2019-06-30 17:53:48', '2019-06-30 17:53:48'),
(255, 78, 'A', 0, 1, 2, '2019-06-30 17:54:10', '2019-06-30 17:54:10'),
(256, 78, 'B', 1, 1, 2, '2019-06-30 17:54:10', '2019-06-30 17:54:10'),
(257, 78, 'C', 0, 1, 2, '2019-06-30 17:54:10', '2019-06-30 17:54:10'),
(258, 79, 'A', 0, 1, 2, '2019-06-30 17:54:30', '2019-06-30 17:54:30'),
(259, 79, 'B', 1, 1, 2, '2019-06-30 17:54:30', '2019-06-30 17:54:30'),
(260, 79, 'C', 0, 1, 2, '2019-06-30 17:54:30', '2019-06-30 17:54:30'),
(261, 80, 'A', 0, 1, 2, '2019-06-30 17:54:47', '2019-06-30 17:54:47'),
(262, 80, 'B', 1, 1, 2, '2019-06-30 17:54:47', '2019-06-30 17:54:47'),
(263, 80, 'C', 0, 1, 2, '2019-06-30 17:54:47', '2019-06-30 17:54:47'),
(264, 81, 'A', 0, 1, 2, '2019-06-30 17:55:06', '2019-06-30 17:55:06'),
(265, 81, 'B', 1, 1, 2, '2019-06-30 17:55:06', '2019-06-30 17:55:06'),
(266, 81, 'C', 0, 1, 2, '2019-06-30 17:55:06', '2019-06-30 17:55:06'),
(267, 82, 'A', 0, 1, 2, '2019-06-30 17:55:36', '2019-06-30 17:55:36'),
(268, 82, 'B', 0, 1, 2, '2019-06-30 17:55:36', '2019-06-30 17:55:36'),
(269, 82, 'C', 1, 1, 2, '2019-06-30 17:55:36', '2019-06-30 17:55:36'),
(270, 83, 'A', 0, 1, 2, '2019-06-30 17:55:55', '2019-06-30 17:55:55'),
(271, 83, 'B', 0, 1, 2, '2019-06-30 17:55:55', '2019-06-30 17:55:55'),
(272, 83, 'C', 1, 1, 2, '2019-06-30 17:55:55', '2019-06-30 17:55:55'),
(273, 84, 'A', 0, 1, 2, '2019-06-30 17:56:12', '2019-06-30 17:56:12'),
(274, 84, 'B', 0, 1, 2, '2019-06-30 17:56:12', '2019-06-30 17:56:12'),
(275, 84, 'C', 1, 1, 2, '2019-06-30 17:56:12', '2019-06-30 17:56:12'),
(276, 85, 'A', 0, 1, 2, '2019-06-30 17:56:36', '2019-06-30 17:56:36'),
(277, 85, 'B', 0, 1, 2, '2019-06-30 17:56:36', '2019-06-30 17:56:36'),
(278, 85, 'C', 1, 1, 2, '2019-06-30 17:56:36', '2019-06-30 17:56:36'),
(279, 86, 'A', 0, 1, 2, '2019-06-30 17:56:58', '2019-06-30 17:56:58'),
(280, 86, 'B', 0, 1, 2, '2019-06-30 17:56:58', '2019-06-30 17:56:58'),
(281, 86, 'C', 1, 1, 2, '2019-06-30 17:56:58', '2019-06-30 17:56:58'),
(282, 87, 'A', 0, 1, 2, '2019-06-30 17:57:17', '2019-06-30 17:57:17'),
(283, 87, 'B', 0, 1, 2, '2019-06-30 17:57:17', '2019-06-30 17:57:17'),
(284, 87, 'C', 1, 1, 2, '2019-06-30 17:57:17', '2019-06-30 17:57:17'),
(285, 88, 'A', 0, 1, 2, '2019-06-30 17:57:34', '2019-06-30 17:57:34'),
(286, 88, 'B', 0, 1, 2, '2019-06-30 17:57:34', '2019-06-30 17:57:34'),
(287, 88, 'C', 1, 1, 2, '2019-06-30 17:57:34', '2019-06-30 17:57:34'),
(288, 89, 'A', 0, 1, 2, '2019-06-30 17:57:52', '2019-06-30 17:57:52'),
(289, 89, 'B', 0, 1, 2, '2019-06-30 17:57:52', '2019-06-30 17:57:52'),
(290, 89, 'C', 1, 1, 2, '2019-06-30 17:57:52', '2019-06-30 17:57:52'),
(291, 90, 'A', 0, 1, 2, '2019-06-30 17:58:12', '2019-06-30 17:58:12'),
(292, 90, 'B', 0, 1, 2, '2019-06-30 17:58:12', '2019-06-30 17:58:12'),
(293, 90, 'C', 1, 1, 2, '2019-06-30 17:58:12', '2019-06-30 17:58:12'),
(294, 91, 'A', 0, 1, 2, '2019-06-30 17:58:35', '2019-07-02 22:12:03'),
(295, 91, 'B', 0, 1, 2, '2019-06-30 17:58:35', '2019-07-02 22:12:03'),
(296, 91, 'C', 1, 1, 2, '2019-06-30 17:58:35', '2019-07-02 22:12:03'),
(297, 92, 'A', 1, 1, 2, '2019-06-30 17:59:38', '2019-06-30 18:00:28'),
(298, 92, 'B', 0, 1, 2, '2019-06-30 17:59:38', '2019-06-30 18:00:28'),
(299, 92, 'C', 0, 1, 2, '2019-06-30 17:59:38', '2019-06-30 18:00:28'),
(300, 93, 'A', 1, 1, 2, '2019-06-30 18:00:00', '2019-06-30 18:00:10'),
(301, 93, 'B', 0, 1, 2, '2019-06-30 18:00:00', '2019-06-30 18:00:10'),
(302, 93, 'C', 0, 1, 2, '2019-06-30 18:00:01', '2019-06-30 18:00:10'),
(303, 94, 'A', 1, 1, 2, '2019-06-30 18:01:01', '2019-06-30 18:01:01'),
(304, 94, 'B', 0, 1, 2, '2019-06-30 18:01:01', '2019-06-30 18:01:01'),
(305, 94, 'C', 0, 1, 2, '2019-06-30 18:01:01', '2019-06-30 18:01:01'),
(306, 95, 'A', 1, 1, 2, '2019-06-30 18:01:19', '2019-06-30 18:01:19'),
(307, 95, 'B', 0, 1, 2, '2019-06-30 18:01:19', '2019-06-30 18:01:19'),
(308, 95, 'C', 0, 1, 2, '2019-06-30 18:01:19', '2019-06-30 18:01:19'),
(309, 96, 'A', 1, 1, 2, '2019-06-30 18:01:38', '2019-06-30 18:01:38'),
(310, 96, 'B', 0, 1, 2, '2019-06-30 18:01:38', '2019-06-30 18:01:38'),
(311, 96, 'C', 0, 1, 2, '2019-06-30 18:01:38', '2019-06-30 18:01:38'),
(312, 97, 'A', 1, 1, 2, '2019-06-30 18:02:04', '2019-06-30 18:02:04'),
(313, 97, 'B', 0, 1, 2, '2019-06-30 18:02:04', '2019-06-30 18:02:04'),
(314, 97, 'C', 0, 1, 2, '2019-06-30 18:02:04', '2019-06-30 18:02:04'),
(315, 98, 'A', 1, 1, 2, '2019-06-30 18:02:22', '2019-06-30 18:02:22'),
(316, 98, 'B', 0, 1, 2, '2019-06-30 18:02:22', '2019-06-30 18:02:22'),
(317, 98, 'C', 0, 1, 2, '2019-06-30 18:02:22', '2019-06-30 18:02:22'),
(318, 99, 'A', 1, 1, 2, '2019-06-30 18:02:38', '2019-06-30 18:02:38'),
(319, 99, 'B', 0, 1, 2, '2019-06-30 18:02:39', '2019-06-30 18:02:39'),
(320, 99, 'C', 0, 1, 2, '2019-06-30 18:02:39', '2019-06-30 18:02:39'),
(321, 100, 'A', 1, 1, 2, '2019-06-30 18:02:56', '2019-06-30 18:02:56'),
(322, 100, 'B', 0, 1, 2, '2019-06-30 18:02:56', '2019-06-30 18:02:56'),
(323, 100, 'C', 0, 1, 2, '2019-06-30 18:02:56', '2019-06-30 18:02:56'),
(324, 101, 'A', 1, 1, 2, '2019-06-30 18:03:13', '2019-06-30 18:03:13'),
(325, 101, 'B', 0, 1, 2, '2019-06-30 18:03:13', '2019-06-30 18:03:13'),
(326, 101, 'C', 0, 1, 2, '2019-06-30 18:03:13', '2019-06-30 18:03:13'),
(327, 102, 'A', 0, 1, 2, '2019-06-30 18:03:30', '2019-06-30 18:04:04'),
(328, 102, 'B', 1, 1, 2, '2019-06-30 18:03:30', '2019-06-30 18:04:04'),
(329, 102, 'C', 0, 1, 2, '2019-06-30 18:03:30', '2019-06-30 18:04:04'),
(330, 103, 'A', 0, 1, 2, '2019-06-30 18:03:52', '2019-06-30 18:03:52'),
(331, 103, 'B', 1, 1, 2, '2019-06-30 18:03:52', '2019-06-30 18:03:52'),
(332, 103, 'C', 0, 1, 2, '2019-06-30 18:03:52', '2019-06-30 18:03:52'),
(333, 104, 'A', 0, 1, 2, '2019-06-30 18:04:22', '2019-06-30 18:04:22'),
(334, 104, 'B', 1, 1, 2, '2019-06-30 18:04:22', '2019-06-30 18:04:22'),
(335, 104, 'C', 0, 1, 2, '2019-06-30 18:04:22', '2019-06-30 18:04:22'),
(336, 105, 'A', 0, 1, 2, '2019-06-30 18:04:42', '2019-06-30 18:04:42'),
(337, 105, 'B', 1, 1, 2, '2019-06-30 18:04:42', '2019-06-30 18:04:42'),
(338, 105, 'C', 0, 1, 2, '2019-06-30 18:04:42', '2019-06-30 18:04:42'),
(339, 106, 'A', 0, 1, 2, '2019-06-30 18:05:02', '2019-06-30 18:05:02'),
(340, 106, 'B', 1, 1, 2, '2019-06-30 18:05:02', '2019-06-30 18:05:02'),
(341, 106, 'C', 0, 1, 2, '2019-06-30 18:05:02', '2019-06-30 18:05:02'),
(342, 107, 'A', 0, 1, 2, '2019-06-30 18:05:19', '2019-06-30 18:05:19'),
(343, 107, 'B', 1, 1, 2, '2019-06-30 18:05:19', '2019-06-30 18:05:19'),
(344, 107, 'C', 0, 1, 2, '2019-06-30 18:05:19', '2019-06-30 18:05:19'),
(345, 108, 'A', 0, 1, 2, '2019-06-30 18:05:39', '2019-06-30 18:05:39'),
(346, 108, 'B', 1, 1, 2, '2019-06-30 18:05:39', '2019-06-30 18:05:39'),
(347, 108, 'C', 0, 1, 2, '2019-06-30 18:05:39', '2019-06-30 18:05:39'),
(348, 109, 'A', 0, 1, 2, '2019-06-30 18:06:00', '2019-06-30 18:06:00'),
(349, 109, 'B', 1, 1, 2, '2019-06-30 18:06:00', '2019-06-30 18:06:00'),
(350, 109, 'C', 0, 1, 2, '2019-06-30 18:06:00', '2019-06-30 18:06:00'),
(351, 110, 'A', 0, 1, 2, '2019-06-30 18:06:19', '2019-06-30 18:06:19'),
(352, 110, 'B', 1, 1, 2, '2019-06-30 18:06:19', '2019-06-30 18:06:19'),
(353, 110, 'C', 0, 1, 2, '2019-06-30 18:06:19', '2019-06-30 18:06:19'),
(354, 111, 'A', 0, 1, 2, '2019-06-30 18:06:39', '2019-06-30 18:06:39'),
(355, 111, 'B', 1, 1, 2, '2019-06-30 18:06:39', '2019-06-30 18:06:39'),
(356, 111, 'C', 0, 1, 2, '2019-06-30 18:06:39', '2019-06-30 18:06:39'),
(357, 112, 'A', 0, 1, 2, '2019-06-30 18:07:28', '2019-06-30 18:07:28'),
(358, 112, 'B', 0, 1, 2, '2019-06-30 18:07:28', '2019-06-30 18:07:28'),
(359, 112, 'C', 1, 1, 2, '2019-06-30 18:07:28', '2019-06-30 18:07:28'),
(360, 113, 'A', 0, 1, 2, '2019-06-30 18:07:46', '2019-06-30 18:07:46'),
(361, 113, 'B', 0, 1, 2, '2019-06-30 18:07:47', '2019-06-30 18:07:47'),
(362, 113, 'C', 1, 1, 2, '2019-06-30 18:07:47', '2019-06-30 18:07:47'),
(363, 114, 'A', 0, 1, 2, '2019-06-30 18:08:04', '2019-06-30 18:08:04'),
(364, 114, 'B', 0, 1, 2, '2019-06-30 18:08:04', '2019-06-30 18:08:04'),
(365, 114, 'C', 1, 1, 2, '2019-06-30 18:08:04', '2019-06-30 18:08:04'),
(366, 115, 'A', 0, 1, 2, '2019-06-30 18:08:29', '2019-06-30 18:08:29'),
(367, 115, 'B', 0, 1, 2, '2019-06-30 18:08:29', '2019-06-30 18:08:29'),
(368, 115, 'C', 1, 1, 2, '2019-06-30 18:08:29', '2019-06-30 18:08:29'),
(369, 116, 'A', 0, 1, 2, '2019-06-30 18:08:51', '2019-06-30 18:08:51'),
(370, 116, 'B', 0, 1, 2, '2019-06-30 18:08:51', '2019-06-30 18:08:51'),
(371, 116, 'C', 1, 1, 2, '2019-06-30 18:08:51', '2019-06-30 18:08:51'),
(372, 117, 'A', 0, 1, 2, '2019-06-30 18:09:09', '2019-06-30 18:09:09'),
(373, 117, 'B', 0, 1, 2, '2019-06-30 18:09:09', '2019-06-30 18:09:09'),
(374, 117, 'C', 1, 1, 2, '2019-06-30 18:09:09', '2019-06-30 18:09:09'),
(375, 118, 'A', 0, 1, 2, '2019-06-30 18:09:27', '2019-06-30 18:09:27'),
(376, 118, 'B', 0, 1, 2, '2019-06-30 18:09:27', '2019-06-30 18:09:27'),
(377, 118, 'C', 1, 1, 2, '2019-06-30 18:09:27', '2019-06-30 18:09:27'),
(378, 119, 'A', 1, 1, 2, '2019-06-30 18:10:06', '2019-06-30 18:10:06'),
(379, 119, 'B', 0, 1, 2, '2019-06-30 18:10:06', '2019-06-30 18:10:06'),
(380, 119, 'C', 0, 1, 2, '2019-06-30 18:10:06', '2019-06-30 18:10:06'),
(381, 120, 'A', 1, 1, 2, '2019-06-30 18:10:23', '2019-06-30 18:10:23'),
(382, 120, 'B', 0, 1, 2, '2019-06-30 18:10:23', '2019-06-30 18:10:23'),
(383, 120, 'C', 0, 1, 2, '2019-06-30 18:10:23', '2019-06-30 18:10:23'),
(384, 121, 'A', 1, 1, 2, '2019-06-30 18:10:41', '2019-06-30 18:10:41'),
(385, 121, 'B', 0, 1, 2, '2019-06-30 18:10:41', '2019-06-30 18:10:41'),
(386, 121, 'C', 0, 1, 2, '2019-06-30 18:10:41', '2019-06-30 18:10:41'),
(387, 122, 'A', 1, 1, 2, '2019-06-30 18:11:03', '2019-06-30 18:11:03'),
(388, 122, 'B', 0, 1, 2, '2019-06-30 18:11:03', '2019-06-30 18:11:03'),
(389, 122, 'C', 0, 1, 2, '2019-06-30 18:11:04', '2019-06-30 18:11:04'),
(390, 123, 'A', 1, 1, 2, '2019-06-30 18:11:22', '2019-06-30 18:11:22'),
(391, 123, 'B', 0, 1, 2, '2019-06-30 18:11:22', '2019-06-30 18:11:22'),
(392, 123, 'C', 0, 1, 2, '2019-06-30 18:11:22', '2019-06-30 18:11:22'),
(393, 124, 'A', 1, 1, 2, '2019-06-30 18:11:37', '2019-06-30 18:11:37'),
(394, 124, 'B', 0, 1, 2, '2019-06-30 18:11:37', '2019-06-30 18:11:37'),
(395, 124, 'C', 0, 1, 2, '2019-06-30 18:11:37', '2019-06-30 18:11:37'),
(396, 125, 'A', 1, 1, 2, '2019-06-30 18:11:59', '2019-06-30 18:11:59'),
(397, 125, 'B', 0, 1, 2, '2019-06-30 18:11:59', '2019-06-30 18:11:59'),
(398, 125, 'C', 0, 1, 2, '2019-06-30 18:11:59', '2019-06-30 18:11:59'),
(399, 126, 'A', 1, 1, 2, '2019-06-30 18:12:18', '2019-06-30 18:12:18'),
(400, 126, 'B', 0, 1, 2, '2019-06-30 18:12:18', '2019-06-30 18:12:18'),
(401, 126, 'C', 0, 1, 2, '2019-06-30 18:12:18', '2019-06-30 18:12:18'),
(402, 127, 'A', 0, 1, 2, '2019-06-30 18:12:52', '2019-06-30 18:12:52'),
(403, 127, 'B', 1, 1, 2, '2019-06-30 18:12:52', '2019-06-30 18:12:52'),
(404, 127, 'C', 0, 1, 2, '2019-06-30 18:12:52', '2019-06-30 18:12:52'),
(405, 128, 'A', 0, 1, 2, '2019-06-30 18:13:14', '2019-06-30 18:13:14'),
(406, 128, 'B', 1, 1, 2, '2019-06-30 18:13:14', '2019-06-30 18:13:14'),
(407, 128, 'C', 0, 1, 2, '2019-06-30 18:13:14', '2019-06-30 18:13:14'),
(408, 129, 'A', 0, 1, 2, '2019-06-30 18:13:31', '2019-06-30 18:13:31'),
(409, 129, 'B', 1, 1, 2, '2019-06-30 18:13:31', '2019-06-30 18:13:31'),
(410, 129, 'C', 0, 1, 2, '2019-06-30 18:13:31', '2019-06-30 18:13:31'),
(411, 130, 'A', 0, 1, 2, '2019-06-30 18:13:48', '2019-06-30 18:13:48'),
(412, 130, 'B', 1, 1, 2, '2019-06-30 18:13:48', '2019-06-30 18:13:48'),
(413, 130, 'C', 0, 1, 2, '2019-06-30 18:13:48', '2019-06-30 18:13:48'),
(414, 131, 'A', 0, 1, 2, '2019-06-30 18:14:09', '2019-06-30 18:14:09'),
(415, 131, 'B', 1, 1, 2, '2019-06-30 18:14:09', '2019-06-30 18:14:09'),
(416, 131, 'C', 0, 1, 2, '2019-06-30 18:14:09', '2019-06-30 18:14:09'),
(417, 132, 'A', 0, 1, 2, '2019-06-30 18:14:31', '2019-06-30 18:14:31'),
(418, 132, 'B', 0, 1, 2, '2019-06-30 18:14:31', '2019-06-30 18:14:31'),
(419, 132, 'C', 1, 1, 2, '2019-06-30 18:14:31', '2019-06-30 18:14:31'),
(420, 133, 'A', 0, 1, 2, '2019-06-30 18:14:55', '2019-06-30 18:14:55'),
(421, 133, 'B', 1, 1, 2, '2019-06-30 18:14:55', '2019-06-30 18:14:55'),
(422, 133, 'C', 0, 1, 2, '2019-06-30 18:14:55', '2019-06-30 18:14:55'),
(423, 134, 'A', 0, 1, 2, '2019-06-30 18:15:12', '2019-06-30 18:15:12'),
(424, 134, 'B', 1, 1, 2, '2019-06-30 18:15:12', '2019-06-30 18:15:12'),
(425, 134, 'C', 0, 1, 2, '2019-06-30 18:15:12', '2019-06-30 18:15:12'),
(426, 135, 'A', 0, 1, 2, '2019-06-30 18:15:31', '2019-06-30 18:15:31'),
(427, 135, 'B', 0, 1, 2, '2019-06-30 18:15:31', '2019-06-30 18:15:31'),
(428, 135, 'C', 1, 1, 2, '2019-06-30 18:15:31', '2019-06-30 18:15:31'),
(429, 136, 'A', 0, 1, 2, '2019-06-30 18:15:48', '2019-06-30 18:15:48'),
(430, 136, 'B', 0, 1, 2, '2019-06-30 18:15:48', '2019-06-30 18:15:48'),
(431, 136, 'C', 1, 1, 2, '2019-06-30 18:15:48', '2019-06-30 18:15:48'),
(432, 137, 'A', 0, 1, 2, '2019-06-30 18:16:04', '2019-06-30 18:16:04'),
(433, 137, 'B', 0, 1, 2, '2019-06-30 18:16:04', '2019-06-30 18:16:04'),
(434, 137, 'C', 1, 1, 2, '2019-06-30 18:16:04', '2019-06-30 18:16:04'),
(435, 138, 'A', 0, 1, 2, '2019-06-30 18:16:27', '2019-06-30 18:16:27'),
(436, 138, 'B', 0, 1, 2, '2019-06-30 18:16:27', '2019-06-30 18:16:27'),
(437, 138, 'C', 1, 1, 2, '2019-06-30 18:16:27', '2019-06-30 18:16:27'),
(438, 139, 'A', 0, 1, 2, '2019-06-30 18:16:44', '2019-06-30 18:16:44'),
(439, 139, 'B', 0, 1, 2, '2019-06-30 18:16:44', '2019-06-30 18:16:44'),
(440, 139, 'C', 1, 1, 2, '2019-06-30 18:16:44', '2019-06-30 18:16:44'),
(441, 140, 'A', 0, 1, 2, '2019-06-30 18:17:02', '2019-06-30 18:17:02'),
(442, 140, 'B', 0, 1, 2, '2019-06-30 18:17:02', '2019-06-30 18:17:02'),
(443, 140, 'C', 1, 1, 2, '2019-06-30 18:17:02', '2019-06-30 18:17:02'),
(444, 141, 'A', 1, 1, 2, '2019-06-30 18:17:59', '2019-06-30 18:17:59'),
(445, 141, 'B', 0, 1, 2, '2019-06-30 18:17:59', '2019-06-30 18:17:59'),
(446, 141, 'C', 0, 1, 2, '2019-06-30 18:17:59', '2019-06-30 18:17:59'),
(447, 142, 'A', 1, 1, 2, '2019-06-30 18:18:20', '2019-06-30 18:18:20'),
(448, 142, 'B', 0, 1, 2, '2019-06-30 18:18:20', '2019-06-30 18:18:20'),
(449, 142, 'C', 0, 1, 2, '2019-06-30 18:18:20', '2019-06-30 18:18:20'),
(450, 143, 'A', 1, 1, 2, '2019-06-30 18:18:42', '2019-06-30 18:18:42'),
(451, 143, 'B', 0, 1, 2, '2019-06-30 18:18:42', '2019-06-30 18:18:42'),
(452, 143, 'C', 0, 1, 2, '2019-06-30 18:18:42', '2019-06-30 18:18:42'),
(453, 144, 'A', 1, 1, 2, '2019-06-30 18:18:59', '2019-06-30 18:18:59'),
(454, 144, 'B', 0, 1, 2, '2019-06-30 18:19:00', '2019-06-30 18:19:00'),
(455, 144, 'C', 0, 1, 2, '2019-06-30 18:19:00', '2019-06-30 18:19:00'),
(456, 145, 'A', 1, 1, 2, '2019-06-30 18:19:20', '2019-06-30 18:19:20'),
(457, 145, 'B', 0, 1, 2, '2019-06-30 18:19:20', '2019-06-30 18:19:20'),
(458, 145, 'C', 0, 1, 2, '2019-06-30 18:19:20', '2019-06-30 18:19:20'),
(459, 146, 'A', 1, 1, 2, '2019-06-30 18:19:37', '2019-06-30 18:19:37'),
(460, 146, 'B', 0, 1, 2, '2019-06-30 18:19:37', '2019-06-30 18:19:37'),
(461, 146, 'C', 0, 1, 2, '2019-06-30 18:19:37', '2019-06-30 18:19:37'),
(462, 147, 'A', 1, 1, 2, '2019-06-30 18:19:55', '2019-06-30 18:19:55'),
(463, 147, 'B', 0, 1, 2, '2019-06-30 18:19:55', '2019-06-30 18:19:55'),
(464, 147, 'C', 0, 1, 2, '2019-06-30 18:19:55', '2019-06-30 18:19:55'),
(465, 148, 'A', 1, 1, 2, '2019-06-30 18:20:10', '2019-06-30 18:20:10'),
(466, 148, 'B', 0, 1, 2, '2019-06-30 18:20:10', '2019-06-30 18:20:10'),
(467, 148, 'C', 0, 1, 2, '2019-06-30 18:20:10', '2019-06-30 18:20:10'),
(468, 149, 'A', 1, 1, 2, '2019-06-30 18:20:24', '2019-06-30 18:20:24'),
(469, 149, 'B', 0, 1, 2, '2019-06-30 18:20:24', '2019-06-30 18:20:24'),
(470, 149, 'C', 0, 1, 2, '2019-06-30 18:20:24', '2019-06-30 18:20:24'),
(471, 150, 'A', 1, 1, 2, '2019-06-30 18:20:42', '2019-06-30 18:20:42'),
(472, 150, 'B', 0, 1, 2, '2019-06-30 18:20:42', '2019-06-30 18:20:42'),
(473, 150, 'C', 0, 1, 2, '2019-06-30 18:20:42', '2019-06-30 18:20:42'),
(474, 151, 'A', 0, 1, 2, '2019-06-30 18:21:02', '2019-06-30 18:21:02'),
(475, 151, 'B', 1, 1, 2, '2019-06-30 18:21:02', '2019-06-30 18:21:02'),
(476, 151, 'C', 0, 1, 2, '2019-06-30 18:21:02', '2019-06-30 18:21:02'),
(477, 152, 'A', 0, 1, 2, '2019-06-30 18:21:20', '2019-06-30 18:21:20'),
(478, 152, 'B', 1, 1, 2, '2019-06-30 18:21:20', '2019-06-30 18:21:20'),
(479, 152, 'C', 0, 1, 2, '2019-06-30 18:21:20', '2019-06-30 18:21:20'),
(480, 153, 'A', 0, 1, 2, '2019-06-30 18:21:36', '2019-06-30 18:21:36'),
(481, 153, 'B', 1, 1, 2, '2019-06-30 18:21:36', '2019-06-30 18:21:36'),
(482, 153, 'C', 0, 1, 2, '2019-06-30 18:21:36', '2019-06-30 18:21:36'),
(483, 154, 'A', 0, 1, 2, '2019-06-30 18:21:54', '2019-06-30 18:21:54'),
(484, 154, 'B', 1, 1, 2, '2019-06-30 18:21:54', '2019-06-30 18:21:54'),
(485, 154, 'C', 0, 1, 2, '2019-06-30 18:21:54', '2019-06-30 18:21:54'),
(486, 155, 'A', 0, 1, 2, '2019-06-30 18:22:15', '2019-06-30 18:22:15'),
(487, 155, 'B', 1, 1, 2, '2019-06-30 18:22:15', '2019-06-30 18:22:15'),
(488, 155, 'C', 0, 1, 2, '2019-06-30 18:22:15', '2019-06-30 18:22:15'),
(489, 156, 'A', 0, 1, 2, '2019-06-30 18:22:30', '2019-06-30 18:22:30'),
(490, 156, 'B', 1, 1, 2, '2019-06-30 18:22:31', '2019-06-30 18:22:31'),
(491, 156, 'C', 0, 1, 2, '2019-06-30 18:22:31', '2019-06-30 18:22:31'),
(492, 157, 'A', 0, 1, 2, '2019-06-30 18:22:46', '2019-06-30 18:22:46'),
(493, 157, 'B', 1, 1, 2, '2019-06-30 18:22:46', '2019-06-30 18:22:46'),
(494, 157, 'C', 0, 1, 2, '2019-06-30 18:22:46', '2019-06-30 18:22:46'),
(495, 158, 'A', 0, 1, 2, '2019-06-30 18:23:11', '2019-06-30 18:23:11'),
(496, 158, 'B', 0, 1, 2, '2019-06-30 18:23:11', '2019-06-30 18:23:11'),
(497, 158, 'C', 1, 1, 2, '2019-06-30 18:23:11', '2019-06-30 18:23:11'),
(498, 159, 'A', 0, 1, 2, '2019-06-30 18:23:31', '2019-06-30 18:23:31'),
(499, 159, 'B', 0, 1, 2, '2019-06-30 18:23:31', '2019-06-30 18:23:31'),
(500, 159, 'C', 1, 1, 2, '2019-06-30 18:23:31', '2019-06-30 18:23:31'),
(501, 160, 'A', 0, 1, 2, '2019-06-30 18:23:50', '2019-06-30 18:23:50'),
(502, 160, 'B', 0, 1, 2, '2019-06-30 18:23:50', '2019-06-30 18:23:50'),
(503, 160, 'C', 1, 1, 2, '2019-06-30 18:23:50', '2019-06-30 18:23:50'),
(504, 161, 'A', 0, 1, 2, '2019-06-30 18:24:14', '2019-06-30 18:24:14'),
(505, 161, 'B', 0, 1, 2, '2019-06-30 18:24:15', '2019-06-30 18:24:15'),
(506, 161, 'C', 1, 1, 2, '2019-06-30 18:24:15', '2019-06-30 18:24:15'),
(507, 162, 'A', 0, 1, 2, '2019-06-30 18:24:33', '2019-06-30 18:24:33'),
(508, 162, 'B', 0, 1, 2, '2019-06-30 18:24:33', '2019-06-30 18:24:33'),
(509, 162, 'C', 1, 1, 2, '2019-06-30 18:24:33', '2019-06-30 18:24:33'),
(510, 163, 'A', 1, 1, 2, '2019-06-30 18:25:17', '2019-06-30 18:26:10'),
(511, 163, 'B', 0, 1, 2, '2019-06-30 18:25:17', '2019-06-30 18:26:10'),
(512, 163, 'C', 0, 1, 2, '2019-06-30 18:25:17', '2019-06-30 18:26:10'),
(513, 164, 'A', 1, 1, 2, '2019-06-30 18:25:39', '2019-06-30 18:26:30'),
(514, 164, 'B', 0, 1, 2, '2019-06-30 18:25:39', '2019-06-30 18:26:30'),
(515, 164, 'C', 0, 1, 2, '2019-06-30 18:25:39', '2019-06-30 18:26:30'),
(516, 165, 'A', 1, 1, 2, '2019-06-30 18:26:48', '2019-06-30 18:26:48'),
(517, 165, 'B', 0, 1, 2, '2019-06-30 18:26:48', '2019-06-30 18:26:48'),
(518, 165, 'C', 0, 1, 2, '2019-06-30 18:26:48', '2019-06-30 18:26:48'),
(519, 166, 'A', 1, 1, 2, '2019-06-30 18:27:06', '2019-06-30 18:28:29'),
(520, 166, 'B', 0, 1, 2, '2019-06-30 18:27:06', '2019-06-30 18:28:29'),
(521, 166, 'C', 0, 1, 2, '2019-06-30 18:27:06', '2019-06-30 18:28:30'),
(522, 167, 'A', 1, 1, 2, '2019-06-30 18:27:24', '2019-06-30 18:27:24'),
(523, 167, 'B', 0, 1, 2, '2019-06-30 18:27:24', '2019-06-30 18:27:24'),
(524, 167, 'C', 0, 1, 2, '2019-06-30 18:27:24', '2019-06-30 18:27:24'),
(525, 168, 'A', 1, 1, 2, '2019-06-30 18:27:41', '2019-06-30 18:27:41'),
(526, 168, 'B', 0, 1, 2, '2019-06-30 18:27:41', '2019-06-30 18:27:41'),
(527, 168, 'C', 0, 1, 2, '2019-06-30 18:27:41', '2019-06-30 18:27:41'),
(528, 169, 'A', 1, 1, 2, '2019-06-30 18:27:58', '2019-06-30 18:27:58'),
(529, 169, 'B', 0, 1, 2, '2019-06-30 18:27:58', '2019-06-30 18:27:58'),
(530, 169, 'C', 0, 1, 2, '2019-06-30 18:27:58', '2019-06-30 18:27:58'),
(531, 170, 'A', 1, 1, 2, '2019-06-30 18:28:17', '2019-06-30 18:28:17'),
(532, 170, 'B', 0, 1, 2, '2019-06-30 18:28:17', '2019-06-30 18:28:17'),
(533, 170, 'C', 0, 1, 2, '2019-06-30 18:28:17', '2019-06-30 18:28:17'),
(534, 171, 'A', 1, 1, 2, '2019-06-30 18:28:56', '2019-06-30 18:28:56'),
(535, 171, 'B', 0, 1, 2, '2019-06-30 18:28:56', '2019-06-30 18:28:56'),
(536, 171, 'C', 0, 1, 2, '2019-06-30 18:28:56', '2019-06-30 18:28:56'),
(537, 172, 'A', 0, 1, 2, '2019-06-30 18:29:13', '2019-06-30 18:29:13'),
(538, 172, 'B', 1, 1, 2, '2019-06-30 18:29:13', '2019-06-30 18:29:13'),
(539, 172, 'C', 0, 1, 2, '2019-06-30 18:29:13', '2019-06-30 18:29:13'),
(540, 173, 'A', 0, 1, 2, '2019-06-30 18:29:27', '2019-06-30 18:29:27'),
(541, 173, 'B', 1, 1, 2, '2019-06-30 18:29:27', '2019-06-30 18:29:27'),
(542, 173, 'C', 0, 1, 2, '2019-06-30 18:29:27', '2019-06-30 18:29:27'),
(543, 174, 'A', 0, 1, 2, '2019-06-30 18:29:47', '2019-06-30 18:29:47'),
(544, 174, 'B', 1, 1, 2, '2019-06-30 18:29:47', '2019-06-30 18:29:47'),
(545, 174, 'C', 0, 1, 2, '2019-06-30 18:29:47', '2019-06-30 18:29:47'),
(546, 175, 'A', 0, 1, 2, '2019-06-30 18:30:08', '2019-06-30 18:30:08'),
(547, 175, 'B', 1, 1, 2, '2019-06-30 18:30:08', '2019-06-30 18:30:08'),
(548, 175, 'C', 0, 1, 2, '2019-06-30 18:30:08', '2019-06-30 18:30:08'),
(549, 176, 'A', 0, 1, 2, '2019-06-30 18:30:24', '2019-06-30 18:30:24'),
(550, 176, 'B', 1, 1, 2, '2019-06-30 18:30:24', '2019-06-30 18:30:24'),
(551, 176, 'C', 0, 1, 2, '2019-06-30 18:30:24', '2019-06-30 18:30:24'),
(552, 177, 'A', 0, 1, 2, '2019-06-30 18:30:43', '2019-06-30 18:30:43'),
(553, 177, 'B', 1, 1, 2, '2019-06-30 18:30:43', '2019-06-30 18:30:43'),
(554, 177, 'C', 0, 1, 2, '2019-06-30 18:30:43', '2019-06-30 18:30:43'),
(555, 178, 'A', 0, 1, 2, '2019-06-30 18:31:02', '2019-06-30 18:31:02'),
(556, 178, 'B', 0, 1, 2, '2019-06-30 18:31:02', '2019-06-30 18:31:02'),
(557, 178, 'C', 1, 1, 2, '2019-06-30 18:31:02', '2019-06-30 18:31:02'),
(558, 179, 'A', 0, 1, 2, '2019-06-30 18:31:23', '2019-06-30 18:31:23'),
(559, 179, 'B', 0, 1, 2, '2019-06-30 18:31:24', '2019-06-30 18:31:24'),
(560, 179, 'C', 1, 1, 2, '2019-06-30 18:31:24', '2019-06-30 18:31:24'),
(561, 180, 'A', 0, 1, 2, '2019-06-30 18:31:39', '2019-06-30 18:31:39'),
(562, 180, 'B', 0, 1, 2, '2019-06-30 18:31:39', '2019-06-30 18:31:39'),
(563, 180, 'C', 1, 1, 2, '2019-06-30 18:31:39', '2019-06-30 18:31:39'),
(564, 181, 'A', 0, 1, 2, '2019-06-30 18:31:56', '2019-06-30 18:31:56'),
(565, 181, 'B', 0, 1, 2, '2019-06-30 18:31:56', '2019-06-30 18:31:56'),
(566, 181, 'C', 1, 1, 2, '2019-06-30 18:31:56', '2019-06-30 18:31:56'),
(567, 182, 'A', 0, 1, 2, '2019-06-30 18:32:16', '2019-06-30 18:32:16'),
(568, 182, 'B', 0, 1, 2, '2019-06-30 18:32:16', '2019-06-30 18:32:16'),
(569, 182, 'C', 1, 1, 2, '2019-06-30 18:32:16', '2019-06-30 18:32:16'),
(570, 183, 'A', 0, 1, 2, '2019-06-30 18:32:40', '2019-06-30 18:32:40'),
(571, 183, 'B', 0, 1, 2, '2019-06-30 18:32:40', '2019-06-30 18:32:40'),
(572, 183, 'C', 1, 1, 2, '2019-06-30 18:32:40', '2019-06-30 18:32:40'),
(573, 184, 'A', 1, 1, 2, '2019-06-30 18:33:18', '2019-06-30 18:33:18'),
(574, 184, 'B', 0, 1, 2, '2019-06-30 18:33:18', '2019-06-30 18:33:18'),
(575, 184, 'C', 0, 1, 2, '2019-06-30 18:33:18', '2019-06-30 18:33:18'),
(576, 185, 'A', 1, 1, 2, '2019-06-30 18:33:39', '2019-06-30 18:33:39'),
(577, 185, 'B', 0, 1, 2, '2019-06-30 18:33:39', '2019-06-30 18:33:39'),
(578, 185, 'C', 0, 1, 2, '2019-06-30 18:33:39', '2019-06-30 18:33:39'),
(579, 186, 'A', 1, 1, 2, '2019-06-30 18:33:59', '2019-06-30 18:33:59'),
(580, 186, 'B', 0, 1, 2, '2019-06-30 18:33:59', '2019-06-30 18:33:59'),
(581, 186, 'C', 0, 1, 2, '2019-06-30 18:33:59', '2019-06-30 18:33:59'),
(582, 187, 'A', 1, 1, 2, '2019-06-30 18:34:15', '2019-06-30 18:34:15'),
(583, 187, 'B', 0, 1, 2, '2019-06-30 18:34:15', '2019-06-30 18:34:15'),
(584, 187, 'C', 0, 1, 2, '2019-06-30 18:34:15', '2019-06-30 18:34:15'),
(585, 188, 'A', 1, 1, 2, '2019-06-30 18:34:32', '2019-06-30 18:34:32'),
(586, 188, 'B', 0, 1, 2, '2019-06-30 18:34:32', '2019-06-30 18:34:32'),
(587, 188, 'C', 0, 1, 2, '2019-06-30 18:34:32', '2019-06-30 18:34:32'),
(588, 189, 'A', 1, 1, 2, '2019-06-30 18:34:50', '2019-06-30 18:34:50'),
(589, 189, 'B', 0, 1, 2, '2019-06-30 18:34:50', '2019-06-30 18:34:50'),
(590, 189, 'C', 0, 1, 2, '2019-06-30 18:34:50', '2019-06-30 18:34:50'),
(591, 190, 'A', 0, 1, 2, '2019-06-30 18:35:04', '2019-06-30 18:35:04'),
(592, 190, 'B', 1, 1, 2, '2019-06-30 18:35:05', '2019-06-30 18:35:05'),
(593, 190, 'C', 0, 1, 2, '2019-06-30 18:35:05', '2019-06-30 18:35:05'),
(594, 191, 'A', 0, 1, 2, '2019-06-30 18:35:24', '2019-06-30 18:35:34'),
(595, 191, 'B', 1, 1, 2, '2019-06-30 18:35:24', '2019-06-30 18:35:34'),
(596, 191, 'C', 0, 1, 2, '2019-06-30 18:35:24', '2019-06-30 18:35:34'),
(597, 192, 'A', 0, 1, 2, '2019-06-30 18:35:51', '2019-06-30 18:35:51'),
(598, 192, 'B', 1, 1, 2, '2019-06-30 18:35:51', '2019-06-30 18:35:51'),
(599, 192, 'C', 0, 1, 2, '2019-06-30 18:35:51', '2019-06-30 18:35:51'),
(600, 193, 'A', 0, 1, 2, '2019-06-30 18:36:20', '2019-06-30 18:36:20'),
(601, 193, 'B', 1, 1, 2, '2019-06-30 18:36:20', '2019-06-30 18:36:20'),
(602, 193, 'C', 0, 1, 2, '2019-06-30 18:36:20', '2019-06-30 18:36:20'),
(603, 194, 'A', 0, 1, 2, '2019-06-30 18:36:37', '2019-06-30 18:36:37'),
(604, 194, 'B', 1, 1, 2, '2019-06-30 18:36:37', '2019-06-30 18:36:37'),
(605, 194, 'C', 0, 1, 2, '2019-06-30 18:36:37', '2019-06-30 18:36:37'),
(606, 195, 'A', 0, 1, 2, '2019-06-30 18:36:55', '2019-06-30 18:36:55'),
(607, 195, 'B', 1, 1, 2, '2019-06-30 18:36:55', '2019-06-30 18:36:55'),
(608, 195, 'C', 0, 1, 2, '2019-06-30 18:36:56', '2019-06-30 18:36:56'),
(609, 196, 'A', 0, 1, 2, '2019-06-30 18:37:14', '2019-06-30 18:37:14'),
(610, 196, 'B', 0, 1, 2, '2019-06-30 18:37:14', '2019-06-30 18:37:14'),
(611, 196, 'C', 1, 1, 2, '2019-06-30 18:37:14', '2019-06-30 18:37:14'),
(612, 197, 'A', 0, 1, 2, '2019-06-30 18:37:29', '2019-06-30 18:37:29'),
(613, 197, 'B', 0, 1, 2, '2019-06-30 18:37:29', '2019-06-30 18:37:29'),
(614, 197, 'C', 1, 1, 2, '2019-06-30 18:37:29', '2019-06-30 18:37:29'),
(615, 198, 'A', 0, 1, 2, '2019-06-30 18:37:51', '2019-06-30 18:37:51'),
(616, 198, 'B', 0, 1, 2, '2019-06-30 18:37:51', '2019-06-30 18:37:51'),
(617, 198, 'C', 1, 1, 2, '2019-06-30 18:37:51', '2019-06-30 18:37:51'),
(618, 199, 'A', 0, 1, 2, '2019-06-30 18:38:07', '2019-06-30 18:38:07'),
(619, 199, 'B', 0, 1, 2, '2019-06-30 18:38:07', '2019-06-30 18:38:07'),
(620, 199, 'C', 1, 1, 2, '2019-06-30 18:38:07', '2019-06-30 18:38:07'),
(621, 200, 'A', 0, 1, 2, '2019-06-30 18:38:28', '2019-06-30 18:38:28'),
(622, 200, 'B', 0, 1, 2, '2019-06-30 18:38:28', '2019-06-30 18:38:28'),
(623, 200, 'C', 1, 1, 2, '2019-06-30 18:38:28', '2019-06-30 18:38:28'),
(624, 201, 'A', 1, 1, 2, '2019-06-30 18:39:03', '2019-06-30 18:39:03'),
(625, 201, 'B', 0, 1, 2, '2019-06-30 18:39:03', '2019-06-30 18:39:03'),
(626, 201, 'C', 0, 1, 2, '2019-06-30 18:39:03', '2019-06-30 18:39:03'),
(627, 202, 'A', 1, 1, 2, '2019-06-30 18:39:20', '2019-06-30 18:39:20'),
(628, 202, 'B', 0, 1, 2, '2019-06-30 18:39:20', '2019-06-30 18:39:20'),
(629, 202, 'C', 0, 1, 2, '2019-06-30 18:39:20', '2019-06-30 18:39:20'),
(630, 203, 'A', 1, 1, 2, '2019-06-30 18:39:40', '2019-06-30 18:39:40'),
(631, 203, 'B', 0, 1, 2, '2019-06-30 18:39:40', '2019-06-30 18:39:40'),
(632, 203, 'C', 0, 1, 2, '2019-06-30 18:39:40', '2019-06-30 18:39:40'),
(633, 204, 'A', 1, 1, 2, '2019-06-30 18:39:58', '2019-06-30 18:39:58'),
(634, 204, 'B', 0, 1, 2, '2019-06-30 18:39:58', '2019-06-30 18:39:58'),
(635, 204, 'C', 0, 1, 2, '2019-06-30 18:39:58', '2019-06-30 18:39:58'),
(636, 205, 'A', 1, 1, 2, '2019-06-30 18:40:25', '2019-06-30 18:40:25'),
(637, 205, 'B', 0, 1, 2, '2019-06-30 18:40:25', '2019-06-30 18:40:25'),
(638, 205, 'C', 0, 1, 2, '2019-06-30 18:40:25', '2019-06-30 18:40:25'),
(639, 206, 'A', 1, 1, 2, '2019-06-30 18:40:45', '2019-06-30 18:40:45'),
(640, 206, 'B', 0, 1, 2, '2019-06-30 18:40:45', '2019-06-30 18:40:45'),
(641, 206, 'C', 0, 1, 2, '2019-06-30 18:40:45', '2019-06-30 18:40:45'),
(642, 207, 'A', 1, 1, 2, '2019-06-30 18:41:02', '2019-06-30 18:41:02'),
(643, 207, 'B', 0, 1, 2, '2019-06-30 18:41:02', '2019-06-30 18:41:02'),
(644, 207, 'C', 0, 1, 2, '2019-06-30 18:41:02', '2019-06-30 18:41:02'),
(645, 208, 'A', 0, 1, 2, '2019-06-30 18:41:21', '2019-06-30 18:41:21'),
(646, 208, 'B', 1, 1, 2, '2019-06-30 18:41:21', '2019-06-30 18:41:21'),
(647, 208, 'C', 0, 1, 2, '2019-06-30 18:41:21', '2019-06-30 18:41:21'),
(648, 209, 'A', 0, 1, 2, '2019-06-30 18:41:36', '2019-06-30 18:41:36'),
(649, 209, 'B', 1, 1, 2, '2019-06-30 18:41:36', '2019-06-30 18:41:36'),
(650, 209, 'C', 0, 1, 2, '2019-06-30 18:41:36', '2019-06-30 18:41:36'),
(651, 210, 'A', 0, 1, 2, '2019-06-30 18:41:53', '2019-06-30 18:41:53'),
(652, 210, 'B', 1, 1, 2, '2019-06-30 18:41:53', '2019-06-30 18:41:53'),
(653, 210, 'C', 0, 1, 2, '2019-06-30 18:41:53', '2019-06-30 18:41:53'),
(654, 211, 'A', 0, 1, 2, '2019-06-30 18:42:11', '2019-06-30 18:42:11'),
(655, 211, 'B', 1, 1, 2, '2019-06-30 18:42:11', '2019-06-30 18:42:11'),
(656, 211, 'C', 0, 1, 2, '2019-06-30 18:42:11', '2019-06-30 18:42:11'),
(657, 212, 'A', 0, 1, 2, '2019-06-30 18:42:28', '2019-06-30 18:42:28'),
(658, 212, 'B', 1, 1, 2, '2019-06-30 18:42:28', '2019-06-30 18:42:28'),
(659, 212, 'C', 0, 1, 2, '2019-06-30 18:42:28', '2019-06-30 18:42:28'),
(660, 213, 'A', 0, 1, 2, '2019-06-30 18:42:45', '2019-06-30 18:42:45'),
(661, 213, 'B', 0, 1, 2, '2019-06-30 18:42:45', '2019-06-30 18:42:45'),
(662, 213, 'C', 1, 1, 2, '2019-06-30 18:42:45', '2019-06-30 18:42:45'),
(663, 214, 'A', 0, 1, 2, '2019-06-30 18:43:14', '2019-06-30 18:43:14'),
(664, 214, 'B', 0, 1, 2, '2019-06-30 18:43:15', '2019-06-30 18:43:15'),
(665, 214, 'C', 1, 1, 2, '2019-06-30 18:43:15', '2019-06-30 18:43:15'),
(666, 215, 'A', 0, 1, 2, '2019-06-30 18:43:32', '2019-06-30 18:43:32'),
(667, 215, 'B', 0, 1, 2, '2019-06-30 18:43:32', '2019-06-30 18:43:32'),
(668, 215, 'C', 1, 1, 2, '2019-06-30 18:43:32', '2019-06-30 18:43:32'),
(669, 216, 'A', 0, 1, 2, '2019-06-30 18:43:49', '2019-06-30 18:43:49'),
(670, 216, 'B', 0, 1, 2, '2019-06-30 18:43:49', '2019-06-30 18:43:49'),
(671, 216, 'C', 1, 1, 2, '2019-06-30 18:43:49', '2019-06-30 18:43:49'),
(672, 217, 'A', 0, 1, 2, '2019-06-30 18:44:04', '2019-06-30 18:44:04'),
(673, 217, 'B', 0, 1, 2, '2019-06-30 18:44:04', '2019-06-30 18:44:04'),
(674, 217, 'C', 1, 1, 2, '2019-06-30 18:44:04', '2019-06-30 18:44:04'),
(675, 62, 'The car travels at 50 mph for the first half and 30 mph for the second half.', 0, 1, 2, '2019-07-02 02:32:44', '2019-07-02 02:38:40'),
(676, 66, '212', 0, 1, 2, '2019-07-02 02:40:45', '2019-07-02 02:40:45'),
(677, 63, 'Not changing', 0, 1, 2, '2019-07-02 02:44:42', '2019-07-02 02:44:42'),
(678, 65, '60°', 1, 1, 2, '2019-07-02 02:49:37', '2019-07-02 02:49:56'),
(679, 68, '[[#img26]]', 0, 1, 2, '2019-07-02 02:57:52', '2019-07-02 02:57:52'),
(680, 70, '[[#img31]]', 0, 1, 2, '2019-07-02 03:03:54', '2019-07-02 03:05:20'),
(681, 218, 'a', 1, 1, 2, '2019-07-02 22:12:40', '2019-07-02 22:12:40'),
(682, 218, 'b', 0, 1, 2, '2019-07-02 22:12:40', '2019-07-02 22:12:40');
INSERT INTO `choices` (`id`, `test_question_id`, `body`, `is_correct`, `is_active`, `user_id`, `created_at`, `updated_at`) VALUES
(683, 218, 'c', 0, 1, 2, '2019-07-02 22:12:40', '2019-07-02 22:12:40');

-- --------------------------------------------------------

--
-- Table structure for table `code_objects`
--

CREATE TABLE `code_objects` (
  `id` int(11) NOT NULL,
  `description` varchar(191) COLLATE utf8mb4_unicode_ci NOT NULL,
  `code` text COLLATE utf8mb4_unicode_ci NOT NULL,
  `ref_id` varchar(191) COLLATE utf8mb4_unicode_ci NOT NULL,
  `language` varchar(191) COLLATE utf8mb4_unicode_ci NOT NULL,
  `created_at` timestamp NULL DEFAULT NULL,
  `updated_at` timestamp NULL DEFAULT NULL
) ENGINE=InnoDB DEFAULT CHARSET=utf8mb4 COLLATE=utf8mb4_unicode_ci;

--
-- Dumping data for table `code_objects`
--

INSERT INTO `code_objects` (`id`, `description`, `code`, `ref_id`, `language`, `created_at`, `updated_at`) VALUES
(1, 'test', 'var test = 0;', '_unrpclqgl', 'js', '2019-06-06 05:15:19', '2019-06-06 05:15:19'),
(2, 'try lang', 'var x = 1;\nvar y = 10;\n\nconsole.log(x + y);', '_unrpclqgl', 'js', '2019-06-06 05:47:41', '2019-06-06 05:47:41'),
(3, 'try', 'try {\n  console.log(\"hello world!\");\n} catch (Exception e) {\n  console.log(\'Ooops!\');\n}', '_unrpclqgl', 'js', '2019-06-06 05:51:47', '2019-06-06 05:51:47'),
(4, 'try ulit', 'if(true) {\n  console.log(\'true\');\n} else {\n  console.log(\'false\');//test\n}', '_unrpclqgl', 'js', '2019-06-06 05:53:22', '2019-06-06 07:13:37'),
(5, 'foo function', 'function foo() {\n  console.log(\"foo!\");\n}', '_unrpclqgl', 'js', '2019-06-06 05:54:02', '2019-06-06 06:32:15'),
(6, 'asdddd', 'if(asdasd)', '_unrpclqgl', 'js', '2019-06-06 06:01:20', '2019-06-06 06:30:47'),
(7, 'Output guessing', 'function foo() {\n  console.log(\'foo\');\n}\n\nfoo();', '_unrpclqgl', 'js', '2019-06-06 06:35:47', '2019-06-06 06:35:47'),
(8, 'bar function', 'function bar() {\n  console.log(\"Hello World!\");\n  \n  return Math.round(Math.random() * 20);\n}', '_unrpclqgl', 'js', '2019-06-06 07:15:52', '2019-06-06 07:15:52'),
(9, 'ccs', 'p {\n  background-color: red;\n}', '_u0qumyouz', 'css', '2019-06-19 06:33:16', '2019-06-19 06:33:16'),
(10, 'code implementation', 'C = 100\nfor i = 1 to n do\n    for j = 1 to n do\n    {\n        Temp = A[i][j] + C\n        A[i][j] = A[j][i]\n        A[j][i] = Temp - C\n    } \nfor i = 1 to n do\n    for j = 1 to n do\n        Output(A[i][j]);', '_38ft1whqq', 'clike', '2019-06-30 07:43:20', '2019-06-30 07:43:20'),
(11, 'link list', 'void fun1(struct node* head)\n{\n  if(head == NULL)\n    return;\n  \n  fun1(head->next);\n  printf(\"%d  \", head->data);\n}', '_5iwu57dwp', 'clike', '2019-06-30 07:50:40', '2019-06-30 07:50:40'),
(12, 'reverse linked list', '/* Link list node */\nstruct node\n{\n    int data;\n    struct node* next;\n};\n \n/* head_ref is a double pointer which points to head (or start) pointer \n  of linked list */\nstatic void reverse(struct node** head_ref)\n{\n    struct node* prev   = NULL;\n    struct node* current = *head_ref;\n    struct node* next;\n    while (current != NULL)\n    {\n        next  = current->next;  \n        current->next = prev;   \n        prev = current;\n        current = next;\n    }\n    /*ADD A STATEMENT HERE*/\n}', '_buo3nzql7', 'java', '2019-06-30 07:55:59', '2019-06-30 07:55:59'),
(13, 'print node', 'void fun(struct node* start)\n{\n  if(start == NULL)\n    return;\n  printf(\"%d  \", start->data); \n  \n  if(start->next != NULL )\n    fun(start->next->next);\n  printf(\"%d  \", start->data);\n}', '_kzf234t5n', 'java', '2019-06-30 07:59:21', '2019-06-30 07:59:21'),
(14, 'order of operation in java', 'double x = 2;\ndouble y = 3;\ndouble z = 5;\n\ndouble output = x + x * y + (x + 2 * z);\n\nSystem.out.println(output);', '_lm0hh1z5o', 'java', '2019-06-30 09:07:44', '2019-06-30 09:07:44'),
(15, 'output tracing', 'var a = 10;\nvar b = 5;\nvar c = 20;\n\nconsole.log(a + b + c);', '_tmhqbyq4r', 'js', '2019-07-02 03:07:01', '2019-07-02 03:07:01');

-- --------------------------------------------------------

--
-- Table structure for table `colleges`
--

CREATE TABLE `colleges` (
  `id` int(11) NOT NULL,
  `college_code` varchar(10) COLLATE utf8mb4_unicode_ci NOT NULL,
  `name` varchar(255) COLLATE utf8mb4_unicode_ci NOT NULL,
  `faculty_id` int(11) NOT NULL
) ENGINE=InnoDB DEFAULT CHARSET=utf8mb4 COLLATE=utf8mb4_unicode_ci;

--
-- Dumping data for table `colleges`
--

INSERT INTO `colleges` (`id`, `college_code`, `name`, `faculty_id`) VALUES
(1, 'CCS', 'COLLEGE OF COMPUTER STUDIES', 1),
(2, 'COE', 'COLLEGE OF ENGINEERING', 5),
(3, 'COED', 'COLLEGE OF EDUCATION', 12),
(5, 'CBAA', 'COLLEGE OF BUSINESS ADMINISTRATION AND ACCOUNTING', 4),
(6, 'CON', 'COLLEGE OF NURSING', 2),
(7, 'CAS', 'COLLEGE OF ART AND SCIENCES', 14);

-- --------------------------------------------------------

--
-- Table structure for table `courses`
--

CREATE TABLE `courses` (
  `id` int(11) NOT NULL,
  `course_code` varchar(10) COLLATE utf8mb4_unicode_ci NOT NULL,
  `description` varchar(255) COLLATE utf8mb4_unicode_ci NOT NULL,
  `lec_unit` int(11) NOT NULL,
  `lab_unit` int(11) NOT NULL,
  `college_id` int(11) NOT NULL,
  `is_public` tinyint(1) NOT NULL DEFAULT '0',
  `color` varchar(191) COLLATE utf8mb4_unicode_ci NOT NULL,
  `created_at` timestamp NULL DEFAULT NULL,
  `updated_at` timestamp NULL DEFAULT NULL
) ENGINE=InnoDB DEFAULT CHARSET=utf8mb4 COLLATE=utf8mb4_unicode_ci;

--
-- Dumping data for table `courses`
--

INSERT INTO `courses` (`id`, `course_code`, `description`, `lec_unit`, `lab_unit`, `college_id`, `is_public`, `color`, `created_at`, `updated_at`) VALUES
(22, 'NSTP1', 'NATIONAL SERVICE TRAINING PROGRAM 1', 3, 0, 7, 1, '#7CB342', '2019-05-12 03:25:19', '2019-05-12 03:25:19'),
(26, 'NSTP2', 'NATIONAL SERVICE TRAINING PROGRAM 2', 3, 0, 7, 1, '#00ACC1', '2019-05-12 03:27:30', '2019-05-12 03:27:30'),
(89, 'CCS101', 'INTRODUCTION TO COMPUTING', 3, 1, 1, 1, '#3949AB', '2019-06-27 10:20:25', '2019-06-27 10:21:50'),
(90, 'CCS102', 'COMPUTER PROGRAMMING 1', 3, 1, 1, 1, '#FDD835', '2019-06-27 10:21:30', '2019-06-27 10:21:30'),
(91, 'ENV101', 'ENVIRONMENTAL SCIENCE', 3, 0, 1, 1, '#F4511E', '2019-06-27 10:22:27', '2019-06-27 10:22:27'),
(92, 'MAT101', 'MATHEMATICS IN THE MODERN WORLD', 3, 0, 2, 1, '#D81B60', '2019-06-27 10:31:47', '2019-06-27 10:31:47'),
(93, 'PSY101', 'UNDERSTANDING THE SELF', 3, 0, 7, 1, '#E53935', '2019-06-27 10:32:27', '2019-06-27 10:32:27'),
(94, 'PED101', 'PHYSICAL EDUCATION 1', 2, 0, 7, 1, '#C0CA33', '2019-06-27 10:33:15', '2019-06-27 10:33:15'),
(95, 'CCS103', 'COMPUTER PROGRAMMING 2', 3, 1, 1, 0, '#039BE5', '2019-06-27 10:34:31', '2019-06-27 10:34:31'),
(96, 'CCS104', 'DISCRETE STRUCTURES 1', 3, 1, 1, 0, '#E53935', '2019-06-27 10:35:19', '2019-06-27 10:35:19'),
(97, 'CCS105', 'HUMAN COMPUTER INTERACTION 1', 3, 1, 1, 0, '#43A047', '2019-06-27 10:37:51', '2019-06-27 10:37:51'),
(98, 'CCS106', 'SOCIAL AND PROFESSIONAL ISSUES', 3, 0, 1, 0, '#43A047', '2019-06-27 10:38:48', '2019-06-27 10:38:48'),
(99, 'COM101', 'PURPOSIVE COMMUNICATION', 3, 0, 1, 1, '#00ACC1', '2019-06-27 10:39:25', '2019-06-30 02:47:33'),
(100, 'GAD101', 'GENDER AND DEVELOPMENT', 3, 0, 7, 1, '#039BE5', '2019-06-27 10:40:45', '2019-06-27 10:40:45'),
(101, 'PED102', 'PHYSICAL EDUCATION 2', 2, 0, 7, 1, '#6D4C41', '2019-06-27 10:41:27', '2019-06-27 10:41:27'),
(102, 'CCS107', 'DATA STRUCTURES AND ALGORITHM 1', 3, 1, 1, 1, '#FDD835', '2019-06-27 10:44:11', '2019-06-27 10:44:11'),
(103, 'CCS108', 'OBJECT ORIENTED PROGRAMMING', 3, 1, 1, 0, '#6D4C41', '2019-06-27 10:45:00', '2019-06-27 10:45:00'),
(104, 'ACT101', 'PRINCIPLES OF ACCOUNTING', 3, 0, 5, 1, '#00897B', '2019-06-27 10:46:30', '2019-06-27 10:46:30'),
(105, 'STS101', 'SCIENCE, TECHNOLOGY AND SOCIETY', 3, 0, 2, 1, '#7CB342', '2019-06-27 10:47:23', '2019-06-27 10:47:23'),
(106, 'PED103', 'PHYSICAL EDUCATION 3', 2, 0, 7, 1, '#8E24AA', '2019-06-27 10:48:06', '2019-06-27 10:48:06'),
(107, 'ITELECT1', 'IT ELECTIVE 1', 3, 0, 1, 0, '#8E24AA', '2019-06-27 13:07:10', '2019-06-27 13:07:10'),
(108, 'CCS110', 'INFORMATION MANAGEMENT 1', 3, 0, 1, 0, '#1E88E5', '2019-06-27 13:08:21', '2019-06-27 13:08:21'),
(109, 'CCS111', 'NETWORKING AND COMMUNICATION 1', 3, 1, 1, 0, '#5E35B1', '2019-06-27 13:08:53', '2019-06-27 13:08:53'),
(110, 'ITP101', 'QUANTITIVE METHODS', 3, 0, 1, 0, '#C0CA33', '2019-06-27 13:09:50', '2019-06-27 13:09:50'),
(111, 'ITP102', 'INTEGRATIVE PROGRAMMING AND TECHNOLOGIES', 3, 1, 1, 0, '#5E35B1', '2019-06-27 13:10:39', '2019-06-27 13:10:39'),
(112, 'ITELECT2', 'IT ELECTIVE 2', 3, 0, 1, 0, '#E53935', '2019-06-27 13:11:06', '2019-06-27 13:11:06'),
(113, 'ENT101', 'THE ENTREPRENEURIAL MIND', 3, 0, 5, 1, '#00ACC1', '2019-06-27 13:11:57', '2019-06-27 13:11:57'),
(114, 'SOC101', 'THE CONTEMPORARY WORLD', 3, 0, 3, 1, '#5E35B1', '2019-06-27 13:12:28', '2019-06-27 13:12:28'),
(115, 'PED104', 'PHYSICAL EDUCATION 4', 2, 0, 7, 1, '#C0CA33', '2019-06-27 13:13:25', '2019-06-27 13:13:25'),
(116, 'ITP103', 'SYSTEM INTEGRATION AND ARCHITECTURE', 3, 1, 1, 0, '#00ACC1', '2019-06-27 13:15:12', '2019-06-27 13:15:12'),
(117, 'ITP104', 'INFORMATION MANAGEMENT 2', 3, 1, 1, 0, '#00ACC1', '2019-06-27 13:19:25', '2019-06-27 13:19:25'),
(118, 'ITP105', 'NETWORKING AND COMMUNICATION 2', 3, 1, 1, 0, '#F4511E', '2019-06-27 13:22:13', '2019-06-27 13:22:13'),
(119, 'ITP106', 'HUMAN COMPUTER INTERACTION 2', 3, 1, 1, 0, '#6D4C41', '2019-06-27 13:23:09', '2019-06-27 13:23:09'),
(120, 'ITELECT3', 'IT ELECTIVE 3', 3, 0, 1, 0, '#3949AB', '2019-06-27 13:23:34', '2019-06-27 13:23:34'),
(121, 'TEC101', 'TECHNOPRENEURSHIP', 3, 0, 1, 0, '#7CB342', '2019-06-27 13:24:11', '2019-06-27 13:24:11'),
(122, 'HIS101', 'READINGS IN PHIL HISTORY', 3, 0, 3, 1, '#F4511E', '2019-06-27 13:24:57', '2019-06-27 13:24:57'),
(123, 'CCS112', 'APPLICATION DEVELOPMENT AND EMERGING TECHNOLOGIES', 3, 1, 1, 0, '#00897B', '2019-06-27 13:25:56', '2019-06-27 13:25:56'),
(124, 'CCS113', 'INFORMATION ASSURANCE AND SECURITY', 3, 1, 1, 0, '#00ACC1', '2019-06-27 13:26:29', '2019-06-27 13:26:29'),
(125, 'ITP107', 'MOBILE APPLICATION DEVELOPMENT', 3, 1, 1, 0, '#1E88E5', '2019-06-27 13:27:08', '2019-06-27 13:27:08'),
(126, 'ITP108', 'CAPSTONE PROJECT 1', 3, 0, 1, 0, '#1E88E5', '2019-06-27 13:27:44', '2019-06-27 13:27:44'),
(127, 'ITP109', 'PLATFORM TECHNOLOGIES', 3, 1, 1, 0, '#FDD835', '2019-06-27 13:28:22', '2019-06-27 13:28:22'),
(128, 'ITELECT4', 'IT ELECTIVE 4', 3, 0, 1, 0, '#E53935', '2019-06-27 13:28:45', '2019-06-27 13:28:45'),
(129, 'HMN101', 'ART APPRECIATION', 3, 0, 7, 1, '#FDD835', '2019-06-27 13:29:20', '2019-06-27 13:29:20'),
(130, 'ITP110', 'WEB TECHNOLOGIES', 3, 1, 1, 0, '#6D4C41', '2019-06-27 13:30:31', '2019-06-27 13:30:31'),
(131, 'ITP111', 'SYSTEM ADMINISTRATION AND MAINTENANCE', 3, 0, 1, 0, '#43A047', '2019-06-27 13:31:09', '2019-06-27 13:31:09'),
(132, 'ITELECT5', 'IT ELECTIVE 5', 3, 0, 1, 0, '#7CB342', '2019-06-27 13:31:42', '2019-06-27 13:31:42'),
(133, 'ITP112', 'CAPSTONE PROJECT 2', 3, 0, 1, 0, '#00ACC1', '2019-06-27 13:32:09', '2019-06-27 13:32:09'),
(134, 'RIZ101', 'LIFE AND WORKS OF RIZAL', 3, 0, 1, 1, '#F4511E', '2019-06-27 13:32:37', '2019-06-27 13:32:37'),
(135, 'ITP113', 'IT PRACTICUM (500 HOURS)', 3, 1, 1, 0, '#1E88E5', '2019-06-27 13:33:12', '2019-06-27 13:33:12'),
(136, 'ITELECT6', 'IT ELECTIVE 6', 3, 0, 1, 0, '#F4511E', '2019-06-27 13:33:36', '2019-06-27 13:33:36'),
(137, 'ETH101', 'ETHICS', 3, 0, 1, 1, '#1E88E5', '2019-06-30 02:30:38', '2019-06-30 02:30:38'),
(138, 'CCS109', 'SYSTEM ANALYSIS AND DESIGN', 3, 1, 1, 0, '#5E35B1', '2019-06-30 02:50:40', '2019-06-30 02:50:40');

-- --------------------------------------------------------

--
-- Table structure for table `course_requisites`
--

CREATE TABLE `course_requisites` (
  `id` int(11) NOT NULL,
  `type` int(11) NOT NULL,
  `curriculum_course_id` int(11) NOT NULL,
  `pre_req_id` int(11) NOT NULL,
  `created_at` timestamp NULL DEFAULT NULL,
  `updated_at` timestamp NULL DEFAULT NULL
) ENGINE=InnoDB DEFAULT CHARSET=utf8mb4 COLLATE=utf8mb4_unicode_ci;

--
-- Dumping data for table `course_requisites`
--

INSERT INTO `course_requisites` (`id`, `type`, `curriculum_course_id`, `pre_req_id`, `created_at`, `updated_at`) VALUES
(1, 1, 2, 1, '2019-06-29 11:11:30', '2019-06-29 11:11:30'),
(2, 1, 11, 4, '2019-06-30 02:46:01', '2019-06-30 02:46:01'),
(3, 1, 18, 10, '2019-06-30 02:49:10', '2019-06-30 02:49:10'),
(4, 2, 63, 56, '2019-06-30 03:08:58', '2019-06-30 03:08:58'),
(5, 2, 70, 62, '2019-06-30 03:08:58', '2019-06-30 03:08:58'),
(6, 2, 115, 108, '2019-06-30 03:29:10', '2019-06-30 03:29:10'),
(7, 2, 122, 114, '2019-06-30 03:29:11', '2019-06-30 03:29:11');

-- --------------------------------------------------------

--
-- Table structure for table `curricula`
--

CREATE TABLE `curricula` (
  `id` int(11) NOT NULL,
  `program_id` int(11) NOT NULL,
  `name` varchar(255) COLLATE utf8mb4_unicode_ci NOT NULL,
  `description` varchar(255) COLLATE utf8mb4_unicode_ci DEFAULT NULL,
  `year` varchar(191) COLLATE utf8mb4_unicode_ci NOT NULL,
  `user_id` int(11) NOT NULL,
  `is_saved` tinyint(1) NOT NULL DEFAULT '0',
  `year_level` int(11) NOT NULL,
  `created_at` timestamp NULL DEFAULT NULL,
  `updated_at` timestamp NULL DEFAULT NULL,
  `revision_no` int(11) NOT NULL,
  `ref_id` int(11) DEFAULT NULL
) ENGINE=InnoDB DEFAULT CHARSET=utf8mb4 COLLATE=utf8mb4_unicode_ci;

--
-- Dumping data for table `curricula`
--

INSERT INTO `curricula` (`id`, `program_id`, `name`, `description`, `year`, `user_id`, `is_saved`, `year_level`, `created_at`, `updated_at`, `revision_no`, `ref_id`) VALUES
(30, 2, 'COMPUTER SCIENCE', '2019 curriculum for computer science', '2019', 2, 0, 4, '2019-05-14 10:05:21', '2019-05-14 10:05:21', 1, 2),
(35, 10, 'ACCOUNTANCY', 'curriculum for accountancy', '2019', 7, 0, 6, '2019-05-17 05:11:30', '2019-05-17 05:11:30', 1, 35),
(36, 1, 'INFORMATION TECHNOLOGY', NULL, '2019', 2, 1, 4, '2019-06-30 02:25:27', '2019-06-30 03:03:24', 1, 36),
(38, 1, 'INFORMATION TECHNOLOGY', 'Information technology curriculum revised 2020', '2020', 2, 0, 4, '2019-06-30 03:29:10', '2019-06-30 03:29:10', 2, 36);

-- --------------------------------------------------------

--
-- Table structure for table `curriculum_courses`
--

CREATE TABLE `curriculum_courses` (
  `id` int(11) NOT NULL,
  `curriculum_id` int(11) NOT NULL,
  `course_id` int(11) NOT NULL,
  `year_level` int(11) NOT NULL,
  `semester` int(11) NOT NULL,
  `is_active` tinyint(1) DEFAULT '1',
  `created_at` timestamp NULL DEFAULT NULL,
  `updated_at` timestamp NULL DEFAULT NULL
) ENGINE=InnoDB DEFAULT CHARSET=utf8mb4 COLLATE=utf8mb4_unicode_ci;

--
-- Dumping data for table `curriculum_courses`
--

INSERT INTO `curriculum_courses` (`id`, `curriculum_id`, `course_id`, `year_level`, `semester`, `is_active`, `created_at`, `updated_at`) VALUES
(1, 30, 91, 1, 1, 1, '2019-06-29 11:11:08', '2019-06-29 11:11:08'),
(2, 30, 22, 2, 1, 1, '2019-06-29 11:11:30', '2019-06-29 11:11:30'),
(3, 36, 89, 1, 1, 1, '2019-06-30 02:29:14', '2019-06-30 02:29:14'),
(4, 36, 90, 1, 1, 1, '2019-06-30 02:29:50', '2019-06-30 02:29:50'),
(5, 36, 137, 1, 1, 1, '2019-06-30 02:30:52', '2019-06-30 02:30:52'),
(6, 36, 91, 1, 1, 1, '2019-06-30 02:35:43', '2019-06-30 02:35:43'),
(7, 36, 92, 1, 1, 1, '2019-06-30 02:44:42', '2019-06-30 02:44:42'),
(8, 36, 93, 1, 1, 1, '2019-06-30 02:44:58', '2019-06-30 02:44:58'),
(9, 36, 94, 1, 1, 1, '2019-06-30 02:45:12', '2019-06-30 02:45:12'),
(10, 36, 22, 1, 1, 1, '2019-06-30 02:45:28', '2019-06-30 02:45:28'),
(11, 36, 95, 1, 2, 1, '2019-06-30 02:45:48', '2019-06-30 02:45:48'),
(12, 36, 96, 1, 2, 1, '2019-06-30 02:46:20', '2019-06-30 02:46:20'),
(13, 36, 97, 1, 2, 1, '2019-06-30 02:46:43', '2019-06-30 02:46:43'),
(14, 36, 98, 1, 2, 1, '2019-06-30 02:47:00', '2019-06-30 02:47:00'),
(15, 36, 99, 1, 2, 1, '2019-06-30 02:48:04', '2019-06-30 02:48:04'),
(16, 36, 100, 1, 2, 1, '2019-06-30 02:48:18', '2019-06-30 02:48:18'),
(17, 36, 101, 1, 2, 1, '2019-06-30 02:48:47', '2019-06-30 02:48:47'),
(18, 36, 26, 1, 2, 1, '2019-06-30 02:49:10', '2019-06-30 02:49:10'),
(19, 36, 102, 2, 1, 1, '2019-06-30 02:49:41', '2019-06-30 02:49:41'),
(20, 36, 103, 2, 1, 1, '2019-06-30 02:49:57', '2019-06-30 02:49:57'),
(21, 36, 138, 2, 1, 1, '2019-06-30 02:50:50', '2019-06-30 02:50:50'),
(22, 36, 107, 2, 1, 1, '2019-06-30 02:51:10', '2019-06-30 02:51:10'),
(23, 36, 104, 2, 1, 1, '2019-06-30 02:51:27', '2019-06-30 02:51:27'),
(24, 36, 105, 2, 1, 1, '2019-06-30 02:51:43', '2019-06-30 02:51:43'),
(25, 36, 106, 2, 1, 1, '2019-06-30 02:51:56', '2019-06-30 02:51:56'),
(26, 36, 108, 2, 2, 1, '2019-06-30 02:52:34', '2019-06-30 02:52:34'),
(27, 36, 109, 2, 2, 1, '2019-06-30 02:52:49', '2019-06-30 02:52:49'),
(28, 36, 110, 2, 2, 1, '2019-06-30 02:52:58', '2019-06-30 02:52:58'),
(29, 36, 111, 2, 2, 1, '2019-06-30 02:53:13', '2019-06-30 02:53:13'),
(30, 36, 112, 2, 2, 1, '2019-06-30 02:53:33', '2019-06-30 02:53:33'),
(31, 36, 113, 2, 2, 1, '2019-06-30 02:53:51', '2019-06-30 02:53:51'),
(32, 36, 114, 2, 2, 1, '2019-06-30 02:54:08', '2019-06-30 02:54:08'),
(33, 36, 115, 2, 2, 1, '2019-06-30 02:54:22', '2019-06-30 02:54:22'),
(34, 36, 116, 3, 1, 1, '2019-06-30 02:54:58', '2019-06-30 02:54:58'),
(35, 36, 117, 3, 1, 1, '2019-06-30 02:55:11', '2019-06-30 02:55:11'),
(36, 36, 118, 3, 1, 1, '2019-06-30 02:55:26', '2019-06-30 02:55:26'),
(37, 36, 119, 3, 1, 1, '2019-06-30 02:55:47', '2019-06-30 02:55:47'),
(38, 36, 120, 3, 1, 1, '2019-06-30 02:56:01', '2019-06-30 02:56:01'),
(39, 36, 121, 3, 1, 1, '2019-06-30 02:56:15', '2019-06-30 02:56:15'),
(40, 36, 122, 3, 1, 1, '2019-06-30 02:56:34', '2019-06-30 02:56:34'),
(41, 36, 123, 3, 2, 1, '2019-06-30 02:59:30', '2019-06-30 02:59:30'),
(42, 36, 124, 3, 2, 1, '2019-06-30 02:59:57', '2019-06-30 02:59:57'),
(43, 36, 125, 3, 2, 1, '2019-06-30 03:00:11', '2019-06-30 03:00:11'),
(44, 36, 126, 3, 2, 1, '2019-06-30 03:00:32', '2019-06-30 03:00:32'),
(45, 36, 127, 3, 2, 1, '2019-06-30 03:00:48', '2019-06-30 03:00:48'),
(46, 36, 128, 3, 2, 1, '2019-06-30 03:01:06', '2019-06-30 03:01:06'),
(47, 36, 129, 3, 2, 1, '2019-06-30 03:01:24', '2019-06-30 03:01:24'),
(48, 36, 130, 4, 1, 1, '2019-06-30 03:01:35', '2019-06-30 03:01:35'),
(49, 36, 131, 4, 1, 1, '2019-06-30 03:01:51', '2019-06-30 03:01:51'),
(50, 36, 132, 4, 1, 1, '2019-06-30 03:02:07', '2019-06-30 03:02:07'),
(51, 36, 133, 4, 1, 1, '2019-06-30 03:02:21', '2019-06-30 03:02:21'),
(52, 36, 134, 4, 1, 1, '2019-06-30 03:02:34', '2019-06-30 03:02:34'),
(53, 36, 135, 4, 2, 1, '2019-06-30 03:02:56', '2019-06-30 03:02:56'),
(54, 36, 136, 4, 2, 1, '2019-06-30 03:03:10', '2019-06-30 03:03:10'),
(107, 38, 89, 1, 1, 1, '2019-06-30 03:29:10', '2019-06-30 03:29:10'),
(108, 38, 90, 1, 1, 1, '2019-06-30 03:29:10', '2019-06-30 03:29:10'),
(109, 38, 137, 1, 1, 1, '2019-06-30 03:29:10', '2019-06-30 03:29:10'),
(110, 38, 91, 1, 1, 1, '2019-06-30 03:29:10', '2019-06-30 03:29:10'),
(111, 38, 92, 1, 1, 1, '2019-06-30 03:29:10', '2019-06-30 03:29:10'),
(112, 38, 93, 1, 1, 1, '2019-06-30 03:29:10', '2019-06-30 03:29:10'),
(113, 38, 94, 1, 1, 1, '2019-06-30 03:29:10', '2019-06-30 03:29:10'),
(114, 38, 22, 1, 1, 1, '2019-06-30 03:29:10', '2019-06-30 03:29:10'),
(115, 38, 95, 1, 2, 1, '2019-06-30 03:29:10', '2019-06-30 03:29:10'),
(116, 38, 96, 1, 2, 1, '2019-06-30 03:29:11', '2019-06-30 03:29:11'),
(117, 38, 97, 1, 2, 1, '2019-06-30 03:29:11', '2019-06-30 03:29:11'),
(118, 38, 98, 1, 2, 1, '2019-06-30 03:29:11', '2019-06-30 03:29:11'),
(119, 38, 99, 1, 2, 1, '2019-06-30 03:29:11', '2019-06-30 03:29:11'),
(120, 38, 100, 1, 2, 1, '2019-06-30 03:29:11', '2019-06-30 03:29:11'),
(121, 38, 101, 1, 2, 1, '2019-06-30 03:29:11', '2019-06-30 03:29:11'),
(122, 38, 26, 1, 2, 1, '2019-06-30 03:29:11', '2019-06-30 03:29:11'),
(123, 38, 102, 2, 1, 1, '2019-06-30 03:29:11', '2019-06-30 03:29:11'),
(124, 38, 103, 2, 1, 1, '2019-06-30 03:29:11', '2019-06-30 03:29:11'),
(125, 38, 138, 2, 1, 1, '2019-06-30 03:29:11', '2019-06-30 03:29:11'),
(126, 38, 107, 2, 1, 1, '2019-06-30 03:29:11', '2019-06-30 03:29:11'),
(127, 38, 104, 2, 1, 1, '2019-06-30 03:29:11', '2019-06-30 03:29:11'),
(128, 38, 105, 2, 1, 1, '2019-06-30 03:29:11', '2019-06-30 03:29:11'),
(129, 38, 106, 2, 1, 1, '2019-06-30 03:29:11', '2019-06-30 03:29:11'),
(130, 38, 108, 2, 2, 1, '2019-06-30 03:29:11', '2019-06-30 03:29:11'),
(131, 38, 109, 2, 2, 1, '2019-06-30 03:29:11', '2019-06-30 03:29:11'),
(132, 38, 110, 2, 2, 1, '2019-06-30 03:29:11', '2019-06-30 03:29:11'),
(133, 38, 111, 2, 2, 1, '2019-06-30 03:29:11', '2019-06-30 03:29:11'),
(134, 38, 112, 2, 2, 1, '2019-06-30 03:29:11', '2019-06-30 03:29:11'),
(135, 38, 113, 2, 2, 1, '2019-06-30 03:29:12', '2019-06-30 03:29:12'),
(136, 38, 114, 2, 2, 1, '2019-06-30 03:29:12', '2019-06-30 03:29:12'),
(137, 38, 115, 2, 2, 1, '2019-06-30 03:29:12', '2019-06-30 03:29:12'),
(138, 38, 116, 3, 1, 1, '2019-06-30 03:29:12', '2019-06-30 03:29:12'),
(139, 38, 117, 3, 1, 1, '2019-06-30 03:29:12', '2019-06-30 03:29:12'),
(140, 38, 118, 3, 1, 1, '2019-06-30 03:29:12', '2019-06-30 03:29:12'),
(141, 38, 119, 3, 1, 1, '2019-06-30 03:29:12', '2019-06-30 03:29:12'),
(142, 38, 120, 3, 1, 1, '2019-06-30 03:29:12', '2019-06-30 03:29:12'),
(143, 38, 121, 3, 1, 1, '2019-06-30 03:29:12', '2019-06-30 03:29:12'),
(144, 38, 122, 3, 1, 1, '2019-06-30 03:29:12', '2019-06-30 03:29:12'),
(145, 38, 123, 3, 2, 1, '2019-06-30 03:29:12', '2019-06-30 03:29:12'),
(146, 38, 124, 3, 2, 1, '2019-06-30 03:29:12', '2019-06-30 03:29:12'),
(147, 38, 125, 3, 2, 1, '2019-06-30 03:29:12', '2019-06-30 03:29:12'),
(148, 38, 126, 3, 2, 1, '2019-06-30 03:29:12', '2019-06-30 03:29:12'),
(149, 38, 127, 3, 2, 1, '2019-06-30 03:29:12', '2019-06-30 03:29:12'),
(150, 38, 128, 3, 2, 1, '2019-06-30 03:29:12', '2019-06-30 03:29:12'),
(151, 38, 129, 3, 2, 1, '2019-06-30 03:29:12', '2019-06-30 03:29:12'),
(152, 38, 130, 4, 1, 1, '2019-06-30 03:29:12', '2019-06-30 03:29:12'),
(153, 38, 131, 4, 1, 1, '2019-06-30 03:29:12', '2019-06-30 03:29:12'),
(154, 38, 132, 4, 1, 1, '2019-06-30 03:29:12', '2019-06-30 03:29:12'),
(155, 38, 133, 4, 1, 1, '2019-06-30 03:29:12', '2019-06-30 03:29:12'),
(156, 38, 134, 4, 1, 1, '2019-06-30 03:29:12', '2019-06-30 03:29:12'),
(157, 38, 135, 4, 2, 1, '2019-06-30 03:29:12', '2019-06-30 03:29:12'),
(158, 38, 136, 4, 2, 1, '2019-06-30 03:29:12', '2019-06-30 03:29:12');

-- --------------------------------------------------------

--
-- Table structure for table `curriculum_mapping_statuses`
--

CREATE TABLE `curriculum_mapping_statuses` (
  `id` int(11) NOT NULL,
  `curriculum_id` int(11) NOT NULL,
  `status` tinyint(1) NOT NULL,
  `created_at` timestamp NULL DEFAULT NULL,
  `updated_at` timestamp NULL DEFAULT NULL
) ENGINE=InnoDB DEFAULT CHARSET=utf8mb4 COLLATE=utf8mb4_unicode_ci;

--
-- Dumping data for table `curriculum_mapping_statuses`
--

INSERT INTO `curriculum_mapping_statuses` (`id`, `curriculum_id`, `status`, `created_at`, `updated_at`) VALUES
(1, 1, 0, NULL, '2019-06-27 10:16:44'),
(2, 30, 1, NULL, '2019-06-25 23:58:15'),
(3, 31, 0, NULL, NULL),
(4, 34, 0, NULL, NULL),
(5, 35, 0, NULL, NULL),
(6, 36, 0, '2019-06-27 12:49:06', '2019-06-27 12:49:06'),
(7, 36, 0, '2019-06-30 02:25:27', '2019-06-30 02:25:27'),
(8, 38, 1, '2019-06-30 03:29:12', '2019-06-30 03:48:45');

-- --------------------------------------------------------

--
-- Table structure for table `curriculum_maps`
--

CREATE TABLE `curriculum_maps` (
  `id` int(11) NOT NULL,
  `student_outcome_id` int(11) NOT NULL,
  `curriculum_course_id` int(11) NOT NULL,
  `is_checked` tinyint(1) NOT NULL,
  `learning_level_id` int(11) NOT NULL,
  `created_at` timestamp NULL DEFAULT NULL,
  `updated_at` timestamp NULL DEFAULT NULL
) ENGINE=InnoDB DEFAULT CHARSET=utf8mb4 COLLATE=utf8mb4_unicode_ci;

--
-- Dumping data for table `curriculum_maps`
--

INSERT INTO `curriculum_maps` (`id`, `student_outcome_id`, `curriculum_course_id`, `is_checked`, `learning_level_id`, `created_at`, `updated_at`) VALUES
(1, 7, 107, 1, 1, '2019-06-30 03:36:57', '2019-06-30 03:36:57'),
(2, 9, 107, 1, 1, '2019-06-30 03:36:57', '2019-06-30 03:36:57'),
(3, 7, 108, 1, 1, '2019-06-30 03:36:57', '2019-06-30 03:36:57'),
(4, 9, 108, 1, 1, '2019-06-30 03:36:57', '2019-06-30 03:36:57'),
(5, 20, 109, 1, 1, '2019-06-30 03:36:57', '2019-06-30 03:36:57'),
(6, 21, 109, 1, 1, '2019-06-30 03:36:57', '2019-06-30 03:36:57'),
(7, 17, 110, 1, 1, '2019-06-30 03:36:57', '2019-06-30 03:36:57'),
(8, 14, 110, 1, 1, '2019-06-30 03:36:57', '2019-06-30 03:36:57'),
(9, 7, 111, 1, 1, '2019-06-30 03:36:57', '2019-06-30 03:36:57'),
(10, 9, 111, 1, 1, '2019-06-30 03:36:57', '2019-06-30 03:36:57'),
(11, 22, 112, 1, 3, '2019-06-30 03:36:57', '2019-06-30 03:36:57'),
(12, 21, 112, 1, 3, '2019-06-30 03:36:57', '2019-06-30 03:36:57'),
(13, 22, 113, 1, 3, '2019-06-30 03:36:57', '2019-06-30 03:36:57'),
(14, 14, 113, 1, 3, '2019-06-30 03:36:57', '2019-06-30 03:36:57'),
(15, 14, 114, 1, 2, '2019-06-30 03:36:57', '2019-06-30 03:36:57'),
(16, 21, 114, 1, 2, '2019-06-30 03:36:57', '2019-06-30 03:36:57'),
(17, 7, 115, 1, 1, '2019-06-30 03:40:57', '2019-06-30 03:40:57'),
(18, 9, 115, 1, 1, '2019-06-30 03:40:57', '2019-06-30 03:40:57'),
(19, 7, 116, 1, 1, '2019-06-30 03:40:57', '2019-06-30 03:40:57'),
(20, 9, 116, 1, 1, '2019-06-30 03:40:57', '2019-06-30 03:40:57'),
(21, 10, 117, 1, 1, '2019-06-30 03:40:57', '2019-06-30 03:40:57'),
(22, 11, 117, 1, 1, '2019-06-30 03:40:57', '2019-06-30 03:40:57'),
(23, 21, 118, 1, 2, '2019-06-30 03:40:57', '2019-06-30 03:40:57'),
(24, 20, 118, 1, 2, '2019-06-30 03:40:57', '2019-06-30 03:40:57'),
(25, 17, 119, 1, 1, '2019-06-30 03:40:57', '2019-06-30 03:40:57'),
(26, 15, 119, 0, 1, '2019-06-30 03:40:57', '2019-06-30 03:40:57'),
(27, 14, 119, 1, 1, '2019-06-30 03:40:57', '2019-06-30 03:40:57'),
(28, 17, 120, 1, 1, '2019-06-30 03:40:57', '2019-06-30 03:40:57'),
(29, 21, 120, 1, 1, '2019-06-30 03:40:57', '2019-06-30 03:40:57'),
(30, 22, 121, 1, 3, '2019-06-30 03:40:57', '2019-06-30 03:40:57'),
(31, 14, 121, 1, 3, '2019-06-30 03:40:57', '2019-06-30 03:40:57'),
(32, 14, 122, 1, 3, '2019-06-30 03:40:57', '2019-06-30 03:40:57'),
(33, 21, 122, 1, 3, '2019-06-30 03:40:57', '2019-06-30 03:40:57'),
(34, 7, 123, 1, 2, '2019-06-30 03:40:57', '2019-06-30 03:40:57'),
(35, 9, 123, 1, 2, '2019-06-30 03:40:57', '2019-06-30 03:40:57'),
(36, 9, 124, 1, 2, '2019-06-30 03:40:57', '2019-06-30 03:40:57'),
(37, 11, 124, 1, 3, '2019-06-30 03:40:57', '2019-06-30 03:40:57'),
(38, 9, 125, 1, 2, '2019-06-30 03:40:57', '2019-06-30 03:40:57'),
(39, 10, 125, 1, 2, '2019-06-30 03:40:57', '2019-06-30 03:40:57'),
(40, 7, 126, 1, 2, '2019-06-30 03:40:57', '2019-06-30 03:40:57'),
(41, 21, 126, 1, 1, '2019-06-30 03:40:57', '2019-06-30 03:40:57'),
(42, 9, 127, 1, 1, '2019-06-30 03:40:57', '2019-06-30 03:40:57'),
(43, 10, 127, 1, 1, '2019-06-30 03:40:57', '2019-06-30 03:40:57'),
(44, 21, 128, 1, 2, '2019-06-30 03:40:57', '2019-06-30 03:40:57'),
(45, 17, 128, 1, 2, '2019-06-30 03:40:57', '2019-06-30 03:40:57'),
(46, 22, 129, 1, 3, '2019-06-30 03:40:57', '2019-06-30 03:40:57'),
(47, 14, 129, 1, 3, '2019-06-30 03:40:57', '2019-06-30 03:40:57'),
(48, 11, 130, 1, 1, '2019-06-30 03:48:45', '2019-06-30 03:48:45'),
(49, 12, 130, 1, 1, '2019-06-30 03:48:45', '2019-06-30 03:48:45'),
(50, 11, 131, 1, 1, '2019-06-30 03:48:45', '2019-06-30 03:48:45'),
(51, 12, 131, 1, 1, '2019-06-30 03:48:45', '2019-06-30 03:48:45'),
(52, 11, 132, 1, 2, '2019-06-30 03:48:45', '2019-06-30 03:48:45'),
(53, 15, 132, 1, 3, '2019-06-30 03:48:45', '2019-06-30 03:48:45'),
(54, 11, 133, 1, 2, '2019-06-30 03:48:45', '2019-06-30 03:48:45'),
(55, 10, 133, 1, 2, '2019-06-30 03:48:45', '2019-06-30 03:48:45'),
(56, 7, 134, 1, 3, '2019-06-30 03:48:45', '2019-06-30 03:48:45'),
(57, 21, 134, 1, 3, '2019-06-30 03:48:45', '2019-06-30 03:48:45'),
(58, 22, 135, 1, 1, '2019-06-30 03:48:45', '2019-06-30 03:48:45'),
(59, 14, 135, 1, 1, '2019-06-30 03:48:45', '2019-06-30 03:48:45'),
(60, 21, 136, 1, 2, '2019-06-30 03:48:45', '2019-06-30 03:48:45'),
(61, 14, 136, 1, 2, '2019-06-30 03:48:45', '2019-06-30 03:48:45'),
(62, 22, 137, 1, 3, '2019-06-30 03:48:45', '2019-06-30 03:48:45'),
(63, 14, 137, 1, 3, '2019-06-30 03:48:45', '2019-06-30 03:48:45'),
(64, 10, 138, 1, 2, '2019-06-30 03:48:45', '2019-06-30 03:48:45'),
(65, 11, 139, 1, 2, '2019-06-30 03:48:45', '2019-06-30 03:48:45'),
(66, 12, 139, 1, 2, '2019-06-30 03:48:45', '2019-06-30 03:48:45'),
(67, 17, 138, 0, 2, '2019-06-30 03:48:45', '2019-06-30 03:48:45'),
(68, 20, 138, 1, 2, '2019-06-30 03:48:45', '2019-06-30 03:48:45'),
(69, 10, 140, 1, 3, '2019-06-30 03:48:45', '2019-06-30 03:48:45'),
(70, 11, 140, 1, 2, '2019-06-30 03:48:45', '2019-06-30 03:48:45'),
(71, 10, 141, 1, 2, '2019-06-30 03:48:45', '2019-06-30 03:48:45'),
(72, 11, 141, 1, 3, '2019-06-30 03:48:45', '2019-06-30 03:48:45'),
(73, 20, 142, 1, 2, '2019-06-30 03:48:45', '2019-06-30 03:48:45'),
(74, 21, 142, 1, 2, '2019-06-30 03:48:45', '2019-06-30 03:48:45'),
(75, 22, 143, 1, 3, '2019-06-30 03:48:45', '2019-06-30 03:48:45'),
(76, 14, 143, 1, 2, '2019-06-30 03:48:45', '2019-06-30 03:48:45'),
(77, 21, 144, 1, 2, '2019-06-30 03:48:45', '2019-06-30 03:48:45'),
(78, 20, 144, 1, 2, '2019-06-30 03:48:45', '2019-06-30 03:48:45'),
(79, 11, 145, 1, 1, '2019-06-30 03:48:45', '2019-06-30 03:48:45'),
(80, 12, 145, 1, 1, '2019-06-30 03:48:45', '2019-06-30 03:48:45'),
(81, 11, 146, 1, 1, '2019-06-30 03:48:45', '2019-06-30 03:48:45'),
(82, 21, 146, 1, 2, '2019-06-30 03:48:45', '2019-06-30 03:48:45'),
(83, 7, 147, 1, 1, '2019-06-30 03:48:45', '2019-06-30 03:48:45'),
(84, 11, 147, 1, 1, '2019-06-30 03:48:45', '2019-06-30 03:48:45'),
(85, 11, 148, 1, 3, '2019-06-30 03:48:45', '2019-06-30 03:48:45'),
(86, 12, 148, 1, 3, '2019-06-30 03:48:45', '2019-06-30 03:48:45'),
(87, 9, 149, 1, 2, '2019-06-30 03:48:45', '2019-06-30 03:48:45'),
(88, 13, 149, 1, 2, '2019-06-30 03:48:45', '2019-06-30 03:48:45'),
(89, 21, 150, 1, 2, '2019-06-30 03:48:45', '2019-06-30 03:48:45'),
(90, 20, 150, 1, 2, '2019-06-30 03:48:45', '2019-06-30 03:48:45'),
(91, 22, 151, 1, 2, '2019-06-30 03:48:45', '2019-06-30 03:48:45'),
(92, 11, 151, 1, 2, '2019-06-30 03:48:45', '2019-06-30 03:48:45'),
(93, 11, 152, 1, 1, '2019-06-30 03:48:45', '2019-06-30 03:48:45'),
(94, 13, 152, 1, 1, '2019-06-30 03:48:45', '2019-06-30 03:48:45'),
(95, 8, 153, 1, 3, '2019-06-30 03:48:45', '2019-06-30 03:48:45'),
(96, 21, 153, 1, 3, '2019-06-30 03:48:45', '2019-06-30 03:48:45'),
(97, 21, 154, 1, 2, '2019-06-30 03:48:45', '2019-06-30 03:48:45'),
(98, 20, 154, 1, 2, '2019-06-30 03:48:45', '2019-06-30 03:48:45'),
(99, 22, 156, 1, 3, '2019-06-30 03:48:45', '2019-06-30 03:48:45'),
(100, 21, 156, 1, 3, '2019-06-30 03:48:45', '2019-06-30 03:48:45'),
(101, 11, 155, 1, 3, '2019-06-30 03:48:45', '2019-06-30 03:48:45'),
(102, 12, 155, 1, 3, '2019-06-30 03:48:45', '2019-06-30 03:48:45'),
(103, 21, 157, 1, 3, '2019-06-30 03:48:45', '2019-06-30 03:48:45'),
(104, 15, 157, 1, 3, '2019-06-30 03:48:45', '2019-06-30 03:48:45'),
(105, 20, 158, 1, 2, '2019-06-30 03:48:45', '2019-06-30 03:48:45'),
(106, 21, 158, 1, 2, '2019-06-30 03:48:45', '2019-06-30 03:48:45');

-- --------------------------------------------------------

--
-- Table structure for table `difficulty_levels`
--

CREATE TABLE `difficulty_levels` (
  `id` int(10) UNSIGNED NOT NULL,
  `description` varchar(191) COLLATE utf8mb4_unicode_ci NOT NULL
) ENGINE=InnoDB DEFAULT CHARSET=utf8mb4 COLLATE=utf8mb4_unicode_ci;

--
-- Dumping data for table `difficulty_levels`
--

INSERT INTO `difficulty_levels` (`id`, `description`) VALUES
(1, 'Easy'),
(2, 'Average'),
(3, 'Difficult');

-- --------------------------------------------------------

--
-- Table structure for table `exams`
--

CREATE TABLE `exams` (
  `id` int(10) UNSIGNED NOT NULL,
  `student_outcome_id` int(11) NOT NULL,
  `curriculum_id` int(11) NOT NULL,
  `time_limit` double NOT NULL,
  `description` text COLLATE utf8mb4_unicode_ci NOT NULL,
  `passing_grade` double NOT NULL,
  `user_id` int(11) NOT NULL,
  `is_active` tinyint(1) NOT NULL,
  `created_at` timestamp NULL DEFAULT NULL,
  `updated_at` timestamp NULL DEFAULT NULL
) ENGINE=InnoDB DEFAULT CHARSET=utf8mb4 COLLATE=utf8mb4_unicode_ci;

--
-- Dumping data for table `exams`
--

INSERT INTO `exams` (`id`, `student_outcome_id`, `curriculum_id`, `time_limit`, `description`, `passing_grade`, `user_id`, `is_active`, `created_at`, `updated_at`) VALUES
(1, 7, 38, 60, 'SET A exam for IT01 student outcome', 60, 2, 1, '2019-07-02 01:36:46', '2019-07-02 01:36:46'),
(2, 7, 38, 60, 'Set B exam for IT01 Student Outcome', 60, 2, 1, '2019-07-02 01:37:23', '2019-07-02 01:37:23'),
(3, 7, 36, 60, 'INFORMATION TECHNOLOGY 2019 SET A', 60, 2, 1, '2019-07-02 22:18:48', '2019-07-02 22:18:48');

-- --------------------------------------------------------

--
-- Table structure for table `exam_levels`
--

CREATE TABLE `exam_levels` (
  `id` int(10) UNSIGNED NOT NULL,
  `exam_id` int(11) NOT NULL,
  `difficulty_level_id` int(11) NOT NULL,
  `percentage` double NOT NULL,
  `created_at` timestamp NULL DEFAULT NULL,
  `updated_at` timestamp NULL DEFAULT NULL
) ENGINE=InnoDB DEFAULT CHARSET=utf8mb4 COLLATE=utf8mb4_unicode_ci;

-- --------------------------------------------------------

--
-- Table structure for table `exam_test_questions`
--

CREATE TABLE `exam_test_questions` (
  `id` int(10) UNSIGNED NOT NULL,
  `exam_id` int(11) NOT NULL,
  `test_question_id` int(11) NOT NULL,
  `is_active` tinyint(1) NOT NULL DEFAULT '1',
  `created_at` timestamp NULL DEFAULT NULL,
  `updated_at` timestamp NULL DEFAULT NULL
) ENGINE=InnoDB DEFAULT CHARSET=utf8mb4 COLLATE=utf8mb4_unicode_ci;

--
-- Dumping data for table `exam_test_questions`
--

INSERT INTO `exam_test_questions` (`id`, `exam_id`, `test_question_id`, `is_active`, `created_at`, `updated_at`) VALUES
(1, 1, 70, 1, '2019-07-02 01:36:47', '2019-07-02 01:36:47'),
(2, 1, 64, 1, '2019-07-02 01:36:47', '2019-07-02 01:36:47'),
(3, 1, 63, 1, '2019-07-02 01:36:47', '2019-07-02 01:36:47'),
(4, 1, 66, 1, '2019-07-02 01:36:47', '2019-07-02 01:36:47'),
(5, 1, 68, 1, '2019-07-02 01:36:47', '2019-07-02 01:36:47'),
(6, 1, 69, 1, '2019-07-02 01:36:47', '2019-07-02 01:36:47'),
(7, 1, 62, 1, '2019-07-02 01:36:47', '2019-07-02 01:36:47'),
(8, 1, 80, 1, '2019-07-02 01:36:47', '2019-07-02 01:36:47'),
(9, 1, 74, 1, '2019-07-02 01:36:47', '2019-07-02 01:36:47'),
(10, 1, 81, 1, '2019-07-02 01:36:47', '2019-07-02 01:36:47'),
(11, 1, 86, 1, '2019-07-02 01:36:48', '2019-07-02 01:36:48'),
(12, 1, 82, 1, '2019-07-02 01:36:48', '2019-07-02 01:36:48'),
(13, 1, 31, 1, '2019-07-02 01:36:48', '2019-07-02 01:36:48'),
(14, 1, 40, 1, '2019-07-02 01:36:48', '2019-07-02 01:36:48'),
(15, 1, 36, 1, '2019-07-02 01:36:48', '2019-07-02 01:36:48'),
(16, 1, 35, 1, '2019-07-02 01:36:48', '2019-07-02 01:36:48'),
(17, 1, 41, 1, '2019-07-02 01:36:48', '2019-07-02 01:36:48'),
(18, 1, 32, 1, '2019-07-02 01:36:48', '2019-07-02 01:36:48'),
(19, 1, 43, 1, '2019-07-02 01:36:48', '2019-07-02 01:36:48'),
(20, 1, 50, 1, '2019-07-02 01:36:48', '2019-07-02 01:36:48'),
(21, 1, 51, 1, '2019-07-02 01:36:48', '2019-07-02 01:36:48'),
(22, 1, 59, 1, '2019-07-02 01:36:48', '2019-07-02 01:36:48'),
(23, 1, 56, 1, '2019-07-02 01:36:48', '2019-07-02 01:36:48'),
(24, 1, 96, 1, '2019-07-02 01:36:48', '2019-07-02 01:36:48'),
(25, 1, 99, 1, '2019-07-02 01:36:48', '2019-07-02 01:36:48'),
(26, 1, 93, 1, '2019-07-02 01:36:48', '2019-07-02 01:36:48'),
(27, 1, 97, 1, '2019-07-02 01:36:48', '2019-07-02 01:36:48'),
(28, 1, 100, 1, '2019-07-02 01:36:48', '2019-07-02 01:36:48'),
(29, 1, 101, 1, '2019-07-02 01:36:48', '2019-07-02 01:36:48'),
(30, 1, 111, 1, '2019-07-02 01:36:48', '2019-07-02 01:36:48'),
(31, 1, 106, 1, '2019-07-02 01:36:48', '2019-07-02 01:36:48'),
(32, 1, 110, 1, '2019-07-02 01:36:48', '2019-07-02 01:36:48'),
(33, 1, 117, 1, '2019-07-02 01:36:48', '2019-07-02 01:36:48'),
(34, 1, 113, 1, '2019-07-02 01:36:48', '2019-07-02 01:36:48'),
(35, 1, 119, 1, '2019-07-02 01:36:48', '2019-07-02 01:36:48'),
(36, 1, 121, 1, '2019-07-02 01:36:48', '2019-07-02 01:36:48'),
(37, 1, 126, 1, '2019-07-02 01:36:48', '2019-07-02 01:36:48'),
(38, 1, 124, 1, '2019-07-02 01:36:49', '2019-07-02 01:36:49'),
(39, 1, 125, 1, '2019-07-02 01:36:49', '2019-07-02 01:36:49'),
(40, 1, 120, 1, '2019-07-02 01:36:49', '2019-07-02 01:36:49'),
(41, 1, 127, 1, '2019-07-02 01:36:49', '2019-07-02 01:36:49'),
(42, 1, 131, 1, '2019-07-02 01:36:49', '2019-07-02 01:36:49'),
(43, 1, 128, 1, '2019-07-02 01:36:49', '2019-07-02 01:36:49'),
(44, 1, 132, 1, '2019-07-02 01:36:49', '2019-07-02 01:36:49'),
(45, 1, 138, 1, '2019-07-02 01:36:49', '2019-07-02 01:36:49'),
(46, 1, 145, 1, '2019-07-02 01:36:49', '2019-07-02 01:36:49'),
(47, 1, 147, 1, '2019-07-02 01:36:49', '2019-07-02 01:36:49'),
(48, 1, 142, 1, '2019-07-02 01:36:49', '2019-07-02 01:36:49'),
(49, 1, 148, 1, '2019-07-02 01:36:49', '2019-07-02 01:36:49'),
(50, 1, 146, 1, '2019-07-02 01:36:49', '2019-07-02 01:36:49'),
(51, 1, 144, 1, '2019-07-02 01:36:49', '2019-07-02 01:36:49'),
(52, 1, 152, 1, '2019-07-02 01:36:49', '2019-07-02 01:36:49'),
(53, 1, 157, 1, '2019-07-02 01:36:49', '2019-07-02 01:36:49'),
(54, 1, 156, 1, '2019-07-02 01:36:49', '2019-07-02 01:36:49'),
(55, 1, 160, 1, '2019-07-02 01:36:49', '2019-07-02 01:36:49'),
(56, 1, 159, 1, '2019-07-02 01:36:49', '2019-07-02 01:36:49'),
(57, 1, 9, 1, '2019-07-02 01:36:49', '2019-07-02 01:36:49'),
(58, 1, 19, 1, '2019-07-02 01:36:49', '2019-07-02 01:36:49'),
(59, 1, 11, 1, '2019-07-02 01:36:49', '2019-07-02 01:36:49'),
(60, 1, 15, 1, '2019-07-02 01:36:49', '2019-07-02 01:36:49'),
(61, 1, 6, 1, '2019-07-02 01:36:49', '2019-07-02 01:36:49'),
(62, 1, 20, 1, '2019-07-02 01:36:49', '2019-07-02 01:36:49'),
(63, 1, 10, 1, '2019-07-02 01:36:50', '2019-07-02 01:36:50'),
(64, 1, 24, 1, '2019-07-02 01:36:50', '2019-07-02 01:36:50'),
(65, 1, 5, 1, '2019-07-02 01:36:50', '2019-07-02 01:36:50'),
(66, 1, 23, 1, '2019-07-02 01:36:50', '2019-07-02 01:36:50'),
(67, 1, 14, 1, '2019-07-02 01:36:50', '2019-07-02 01:36:50'),
(68, 1, 163, 1, '2019-07-02 01:36:50', '2019-07-02 01:36:50'),
(69, 1, 168, 1, '2019-07-02 01:36:50', '2019-07-02 01:36:50'),
(70, 1, 170, 1, '2019-07-02 01:36:50', '2019-07-02 01:36:50'),
(71, 1, 167, 1, '2019-07-02 01:36:50', '2019-07-02 01:36:50'),
(72, 1, 166, 1, '2019-07-02 01:36:50', '2019-07-02 01:36:50'),
(73, 1, 164, 1, '2019-07-02 01:36:50', '2019-07-02 01:36:50'),
(74, 1, 172, 1, '2019-07-02 01:36:50', '2019-07-02 01:36:50'),
(75, 1, 176, 1, '2019-07-02 01:36:50', '2019-07-02 01:36:50'),
(76, 1, 173, 1, '2019-07-02 01:36:50', '2019-07-02 01:36:50'),
(77, 1, 183, 1, '2019-07-02 01:36:50', '2019-07-02 01:36:50'),
(78, 1, 178, 1, '2019-07-02 01:36:50', '2019-07-02 01:36:50'),
(79, 1, 184, 1, '2019-07-02 01:36:50', '2019-07-02 01:36:50'),
(80, 1, 190, 1, '2019-07-02 01:36:50', '2019-07-02 01:36:50'),
(81, 1, 187, 1, '2019-07-02 01:36:50', '2019-07-02 01:36:50'),
(82, 1, 188, 1, '2019-07-02 01:36:50', '2019-07-02 01:36:50'),
(83, 1, 186, 1, '2019-07-02 01:36:50', '2019-07-02 01:36:50'),
(84, 1, 185, 1, '2019-07-02 01:36:50', '2019-07-02 01:36:50'),
(85, 1, 194, 1, '2019-07-02 01:36:50', '2019-07-02 01:36:50'),
(86, 1, 192, 1, '2019-07-02 01:36:50', '2019-07-02 01:36:50'),
(87, 1, 193, 1, '2019-07-02 01:36:50', '2019-07-02 01:36:50'),
(88, 1, 197, 1, '2019-07-02 01:36:51', '2019-07-02 01:36:51'),
(89, 1, 199, 1, '2019-07-02 01:36:51', '2019-07-02 01:36:51'),
(90, 1, 205, 1, '2019-07-02 01:36:51', '2019-07-02 01:36:51'),
(91, 1, 202, 1, '2019-07-02 01:36:51', '2019-07-02 01:36:51'),
(92, 1, 201, 1, '2019-07-02 01:36:51', '2019-07-02 01:36:51'),
(93, 1, 204, 1, '2019-07-02 01:36:51', '2019-07-02 01:36:51'),
(94, 1, 206, 1, '2019-07-02 01:36:51', '2019-07-02 01:36:51'),
(95, 1, 203, 1, '2019-07-02 01:36:51', '2019-07-02 01:36:51'),
(96, 1, 208, 1, '2019-07-02 01:36:51', '2019-07-02 01:36:51'),
(97, 1, 209, 1, '2019-07-02 01:36:51', '2019-07-02 01:36:51'),
(98, 1, 210, 1, '2019-07-02 01:36:51', '2019-07-02 01:36:51'),
(99, 1, 214, 1, '2019-07-02 01:36:51', '2019-07-02 01:36:51'),
(100, 1, 213, 1, '2019-07-02 01:36:51', '2019-07-02 01:36:51'),
(101, 2, 62, 1, '2019-07-02 01:37:24', '2019-07-02 01:37:24'),
(102, 2, 66, 1, '2019-07-02 01:37:24', '2019-07-02 01:37:24'),
(103, 2, 63, 1, '2019-07-02 01:37:24', '2019-07-02 01:37:24'),
(104, 2, 65, 1, '2019-07-02 01:37:24', '2019-07-02 01:37:24'),
(105, 2, 68, 1, '2019-07-02 01:37:24', '2019-07-02 01:37:24'),
(106, 2, 71, 1, '2019-07-02 01:37:24', '2019-07-02 01:37:24'),
(107, 2, 67, 1, '2019-07-02 01:37:24', '2019-07-02 01:37:24'),
(108, 2, 78, 1, '2019-07-02 01:37:24', '2019-07-02 01:37:24'),
(109, 2, 74, 1, '2019-07-02 01:37:24', '2019-07-02 01:37:24'),
(110, 2, 75, 1, '2019-07-02 01:37:24', '2019-07-02 01:37:24'),
(111, 2, 87, 1, '2019-07-02 01:37:24', '2019-07-02 01:37:24'),
(112, 2, 85, 1, '2019-07-02 01:37:24', '2019-07-02 01:37:24'),
(113, 2, 35, 1, '2019-07-02 01:37:24', '2019-07-02 01:37:24'),
(114, 2, 36, 1, '2019-07-02 01:37:24', '2019-07-02 01:37:24'),
(115, 2, 32, 1, '2019-07-02 01:37:24', '2019-07-02 01:37:24'),
(116, 2, 40, 1, '2019-07-02 01:37:24', '2019-07-02 01:37:24'),
(117, 2, 37, 1, '2019-07-02 01:37:25', '2019-07-02 01:37:25'),
(118, 2, 33, 1, '2019-07-02 01:37:25', '2019-07-02 01:37:25'),
(119, 2, 46, 1, '2019-07-02 01:37:25', '2019-07-02 01:37:25'),
(120, 2, 48, 1, '2019-07-02 01:37:25', '2019-07-02 01:37:25'),
(121, 2, 45, 1, '2019-07-02 01:37:25', '2019-07-02 01:37:25'),
(122, 2, 55, 1, '2019-07-02 01:37:25', '2019-07-02 01:37:25'),
(123, 2, 57, 1, '2019-07-02 01:37:25', '2019-07-02 01:37:25'),
(124, 2, 1, 1, '2019-07-02 01:37:25', '2019-07-02 01:37:25'),
(125, 2, 100, 1, '2019-07-02 01:37:25', '2019-07-02 01:37:25'),
(126, 2, 97, 1, '2019-07-02 01:37:25', '2019-07-02 01:37:25'),
(127, 2, 93, 1, '2019-07-02 01:37:25', '2019-07-02 01:37:25'),
(128, 2, 96, 1, '2019-07-02 01:37:25', '2019-07-02 01:37:25'),
(129, 2, 99, 1, '2019-07-02 01:37:25', '2019-07-02 01:37:25'),
(130, 2, 111, 1, '2019-07-02 01:37:25', '2019-07-02 01:37:25'),
(131, 2, 105, 1, '2019-07-02 01:37:25', '2019-07-02 01:37:25'),
(132, 2, 106, 1, '2019-07-02 01:37:25', '2019-07-02 01:37:25'),
(133, 2, 115, 1, '2019-07-02 01:37:25', '2019-07-02 01:37:25'),
(134, 2, 118, 1, '2019-07-02 01:37:25', '2019-07-02 01:37:25'),
(135, 2, 119, 1, '2019-07-02 01:37:25', '2019-07-02 01:37:25'),
(136, 2, 123, 1, '2019-07-02 01:37:25', '2019-07-02 01:37:25'),
(137, 2, 124, 1, '2019-07-02 01:37:25', '2019-07-02 01:37:25'),
(138, 2, 120, 1, '2019-07-02 01:37:25', '2019-07-02 01:37:25'),
(139, 2, 126, 1, '2019-07-02 01:37:25', '2019-07-02 01:37:25'),
(140, 2, 125, 1, '2019-07-02 01:37:25', '2019-07-02 01:37:25'),
(141, 2, 127, 1, '2019-07-02 01:37:25', '2019-07-02 01:37:25'),
(142, 2, 128, 1, '2019-07-02 01:37:25', '2019-07-02 01:37:25'),
(143, 2, 134, 1, '2019-07-02 01:37:26', '2019-07-02 01:37:26'),
(144, 2, 136, 1, '2019-07-02 01:37:26', '2019-07-02 01:37:26'),
(145, 2, 139, 1, '2019-07-02 01:37:26', '2019-07-02 01:37:26'),
(146, 2, 145, 1, '2019-07-02 01:37:26', '2019-07-02 01:37:26'),
(147, 2, 142, 1, '2019-07-02 01:37:26', '2019-07-02 01:37:26'),
(148, 2, 150, 1, '2019-07-02 01:37:26', '2019-07-02 01:37:26'),
(149, 2, 147, 1, '2019-07-02 01:37:26', '2019-07-02 01:37:26'),
(150, 2, 149, 1, '2019-07-02 01:37:26', '2019-07-02 01:37:26'),
(151, 2, 143, 1, '2019-07-02 01:37:26', '2019-07-02 01:37:26'),
(152, 2, 152, 1, '2019-07-02 01:37:26', '2019-07-02 01:37:26'),
(153, 2, 153, 1, '2019-07-02 01:37:26', '2019-07-02 01:37:26'),
(154, 2, 156, 1, '2019-07-02 01:37:26', '2019-07-02 01:37:26'),
(155, 2, 158, 1, '2019-07-02 01:37:26', '2019-07-02 01:37:26'),
(156, 2, 161, 1, '2019-07-02 01:37:26', '2019-07-02 01:37:26'),
(157, 2, 22, 1, '2019-07-02 01:37:26', '2019-07-02 01:37:26'),
(158, 2, 15, 1, '2019-07-02 01:37:26', '2019-07-02 01:37:26'),
(159, 2, 18, 1, '2019-07-02 01:37:26', '2019-07-02 01:37:26'),
(160, 2, 20, 1, '2019-07-02 01:37:26', '2019-07-02 01:37:26'),
(161, 2, 21, 1, '2019-07-02 01:37:26', '2019-07-02 01:37:26'),
(162, 2, 9, 1, '2019-07-02 01:37:26', '2019-07-02 01:37:26'),
(163, 2, 2, 1, '2019-07-02 01:37:26', '2019-07-02 01:37:26'),
(164, 2, 16, 1, '2019-07-02 01:37:26', '2019-07-02 01:37:26'),
(165, 2, 4, 1, '2019-07-02 01:37:26', '2019-07-02 01:37:26'),
(166, 2, 14, 1, '2019-07-02 01:37:26', '2019-07-02 01:37:26'),
(167, 2, 25, 1, '2019-07-02 01:37:26', '2019-07-02 01:37:26'),
(168, 2, 169, 1, '2019-07-02 01:37:26', '2019-07-02 01:37:26'),
(169, 2, 167, 1, '2019-07-02 01:37:26', '2019-07-02 01:37:26'),
(170, 2, 168, 1, '2019-07-02 01:37:27', '2019-07-02 01:37:27'),
(171, 2, 164, 1, '2019-07-02 01:37:27', '2019-07-02 01:37:27'),
(172, 2, 171, 1, '2019-07-02 01:37:27', '2019-07-02 01:37:27'),
(173, 2, 166, 1, '2019-07-02 01:37:27', '2019-07-02 01:37:27'),
(174, 2, 172, 1, '2019-07-02 01:37:27', '2019-07-02 01:37:27'),
(175, 2, 175, 1, '2019-07-02 01:37:27', '2019-07-02 01:37:27'),
(176, 2, 173, 1, '2019-07-02 01:37:27', '2019-07-02 01:37:27'),
(177, 2, 178, 1, '2019-07-02 01:37:27', '2019-07-02 01:37:27'),
(178, 2, 179, 1, '2019-07-02 01:37:27', '2019-07-02 01:37:27'),
(179, 2, 190, 1, '2019-07-02 01:37:27', '2019-07-02 01:37:27'),
(180, 2, 184, 1, '2019-07-02 01:37:27', '2019-07-02 01:37:27'),
(181, 2, 188, 1, '2019-07-02 01:37:27', '2019-07-02 01:37:27'),
(182, 2, 185, 1, '2019-07-02 01:37:27', '2019-07-02 01:37:27'),
(183, 2, 189, 1, '2019-07-02 01:37:27', '2019-07-02 01:37:27'),
(184, 2, 187, 1, '2019-07-02 01:37:27', '2019-07-02 01:37:27'),
(185, 2, 192, 1, '2019-07-02 01:37:27', '2019-07-02 01:37:27'),
(186, 2, 191, 1, '2019-07-02 01:37:27', '2019-07-02 01:37:27'),
(187, 2, 195, 1, '2019-07-02 01:37:27', '2019-07-02 01:37:27'),
(188, 2, 200, 1, '2019-07-02 01:37:27', '2019-07-02 01:37:27'),
(189, 2, 198, 1, '2019-07-02 01:37:27', '2019-07-02 01:37:27'),
(190, 2, 202, 1, '2019-07-02 01:37:27', '2019-07-02 01:37:27'),
(191, 2, 206, 1, '2019-07-02 01:37:27', '2019-07-02 01:37:27'),
(192, 2, 204, 1, '2019-07-02 01:37:27', '2019-07-02 01:37:27'),
(193, 2, 207, 1, '2019-07-02 01:37:27', '2019-07-02 01:37:27'),
(194, 2, 205, 1, '2019-07-02 01:37:27', '2019-07-02 01:37:27'),
(195, 2, 201, 1, '2019-07-02 01:37:27', '2019-07-02 01:37:27'),
(196, 2, 208, 1, '2019-07-02 01:37:27', '2019-07-02 01:37:27'),
(197, 2, 211, 1, '2019-07-02 01:37:28', '2019-07-02 01:37:28'),
(198, 2, 210, 1, '2019-07-02 01:37:28', '2019-07-02 01:37:28'),
(199, 2, 213, 1, '2019-07-02 01:37:28', '2019-07-02 01:37:28'),
(200, 2, 217, 1, '2019-07-02 01:37:28', '2019-07-02 01:37:28'),
(201, 3, 62, 1, '2019-07-02 22:18:49', '2019-07-02 22:18:49'),
(202, 3, 67, 1, '2019-07-02 22:18:49', '2019-07-02 22:18:49'),
(203, 3, 68, 1, '2019-07-02 22:18:49', '2019-07-02 22:18:49'),
(204, 3, 70, 1, '2019-07-02 22:18:49', '2019-07-02 22:18:49'),
(205, 3, 71, 1, '2019-07-02 22:18:49', '2019-07-02 22:18:49'),
(206, 3, 63, 1, '2019-07-02 22:18:49', '2019-07-02 22:18:49'),
(207, 3, 65, 1, '2019-07-02 22:18:49', '2019-07-02 22:18:49'),
(208, 3, 78, 1, '2019-07-02 22:18:49', '2019-07-02 22:18:49'),
(209, 3, 74, 1, '2019-07-02 22:18:49', '2019-07-02 22:18:49'),
(210, 3, 80, 1, '2019-07-02 22:18:49', '2019-07-02 22:18:49'),
(211, 3, 90, 1, '2019-07-02 22:18:49', '2019-07-02 22:18:49'),
(212, 3, 88, 1, '2019-07-02 22:18:49', '2019-07-02 22:18:49'),
(213, 3, 37, 1, '2019-07-02 22:18:49', '2019-07-02 22:18:49'),
(214, 3, 36, 1, '2019-07-02 22:18:49', '2019-07-02 22:18:49'),
(215, 3, 32, 1, '2019-07-02 22:18:49', '2019-07-02 22:18:49'),
(216, 3, 35, 1, '2019-07-02 22:18:49', '2019-07-02 22:18:49'),
(217, 3, 39, 1, '2019-07-02 22:18:49', '2019-07-02 22:18:49'),
(218, 3, 38, 1, '2019-07-02 22:18:49', '2019-07-02 22:18:49'),
(219, 3, 51, 1, '2019-07-02 22:18:49', '2019-07-02 22:18:49'),
(220, 3, 43, 1, '2019-07-02 22:18:49', '2019-07-02 22:18:49'),
(221, 3, 49, 1, '2019-07-02 22:18:49', '2019-07-02 22:18:49'),
(222, 3, 61, 1, '2019-07-02 22:18:49', '2019-07-02 22:18:49'),
(223, 3, 54, 1, '2019-07-02 22:18:49', '2019-07-02 22:18:49'),
(224, 3, 93, 1, '2019-07-02 22:18:49', '2019-07-02 22:18:49'),
(225, 3, 95, 1, '2019-07-02 22:18:49', '2019-07-02 22:18:49'),
(226, 3, 1, 1, '2019-07-02 22:18:50', '2019-07-02 22:18:50'),
(227, 3, 92, 1, '2019-07-02 22:18:50', '2019-07-02 22:18:50'),
(228, 3, 100, 1, '2019-07-02 22:18:50', '2019-07-02 22:18:50'),
(229, 3, 94, 1, '2019-07-02 22:18:50', '2019-07-02 22:18:50'),
(230, 3, 109, 1, '2019-07-02 22:18:50', '2019-07-02 22:18:50'),
(231, 3, 110, 1, '2019-07-02 22:18:50', '2019-07-02 22:18:50'),
(232, 3, 107, 1, '2019-07-02 22:18:50', '2019-07-02 22:18:50'),
(233, 3, 115, 1, '2019-07-02 22:18:50', '2019-07-02 22:18:50'),
(234, 3, 116, 1, '2019-07-02 22:18:50', '2019-07-02 22:18:50'),
(235, 3, 119, 1, '2019-07-02 22:18:50', '2019-07-02 22:18:50'),
(236, 3, 122, 1, '2019-07-02 22:18:50', '2019-07-02 22:18:50'),
(237, 3, 125, 1, '2019-07-02 22:18:50', '2019-07-02 22:18:50'),
(238, 3, 123, 1, '2019-07-02 22:18:50', '2019-07-02 22:18:50'),
(239, 3, 126, 1, '2019-07-02 22:18:50', '2019-07-02 22:18:50'),
(240, 3, 124, 1, '2019-07-02 22:18:50', '2019-07-02 22:18:50'),
(241, 3, 130, 1, '2019-07-02 22:18:50', '2019-07-02 22:18:50'),
(242, 3, 129, 1, '2019-07-02 22:18:50', '2019-07-02 22:18:50'),
(243, 3, 134, 1, '2019-07-02 22:18:50', '2019-07-02 22:18:50'),
(244, 3, 139, 1, '2019-07-02 22:18:50', '2019-07-02 22:18:50'),
(245, 3, 140, 1, '2019-07-02 22:18:50', '2019-07-02 22:18:50'),
(246, 3, 149, 1, '2019-07-02 22:18:50', '2019-07-02 22:18:50'),
(247, 3, 147, 1, '2019-07-02 22:18:50', '2019-07-02 22:18:50'),
(248, 3, 145, 1, '2019-07-02 22:18:50', '2019-07-02 22:18:50'),
(249, 3, 150, 1, '2019-07-02 22:18:50', '2019-07-02 22:18:50'),
(250, 3, 141, 1, '2019-07-02 22:18:50', '2019-07-02 22:18:50'),
(251, 3, 146, 1, '2019-07-02 22:18:51', '2019-07-02 22:18:51'),
(252, 3, 155, 1, '2019-07-02 22:18:51', '2019-07-02 22:18:51'),
(253, 3, 152, 1, '2019-07-02 22:18:51', '2019-07-02 22:18:51'),
(254, 3, 156, 1, '2019-07-02 22:18:51', '2019-07-02 22:18:51'),
(255, 3, 162, 1, '2019-07-02 22:18:51', '2019-07-02 22:18:51'),
(256, 3, 158, 1, '2019-07-02 22:18:51', '2019-07-02 22:18:51'),
(257, 3, 9, 1, '2019-07-02 22:18:51', '2019-07-02 22:18:51'),
(258, 3, 3, 1, '2019-07-02 22:18:51', '2019-07-02 22:18:51'),
(259, 3, 11, 1, '2019-07-02 22:18:51', '2019-07-02 22:18:51'),
(260, 3, 19, 1, '2019-07-02 22:18:51', '2019-07-02 22:18:51'),
(261, 3, 21, 1, '2019-07-02 22:18:51', '2019-07-02 22:18:51'),
(262, 3, 22, 1, '2019-07-02 22:18:51', '2019-07-02 22:18:51'),
(263, 3, 10, 1, '2019-07-02 22:18:51', '2019-07-02 22:18:51'),
(264, 3, 30, 1, '2019-07-02 22:18:51', '2019-07-02 22:18:51'),
(265, 3, 5, 1, '2019-07-02 22:18:51', '2019-07-02 22:18:51'),
(266, 3, 25, 1, '2019-07-02 22:18:51', '2019-07-02 22:18:51'),
(267, 3, 12, 1, '2019-07-02 22:18:51', '2019-07-02 22:18:51'),
(268, 3, 165, 1, '2019-07-02 22:18:51', '2019-07-02 22:18:51'),
(269, 3, 166, 1, '2019-07-02 22:18:51', '2019-07-02 22:18:51'),
(270, 3, 164, 1, '2019-07-02 22:18:51', '2019-07-02 22:18:51'),
(271, 3, 168, 1, '2019-07-02 22:18:51', '2019-07-02 22:18:51'),
(272, 3, 167, 1, '2019-07-02 22:18:51', '2019-07-02 22:18:51'),
(273, 3, 169, 1, '2019-07-02 22:18:51', '2019-07-02 22:18:51'),
(274, 3, 172, 1, '2019-07-02 22:18:51', '2019-07-02 22:18:51'),
(275, 3, 176, 1, '2019-07-02 22:18:51', '2019-07-02 22:18:51'),
(276, 3, 175, 1, '2019-07-02 22:18:51', '2019-07-02 22:18:51'),
(277, 3, 183, 1, '2019-07-02 22:18:51', '2019-07-02 22:18:51'),
(278, 3, 182, 1, '2019-07-02 22:18:51', '2019-07-02 22:18:51'),
(279, 3, 187, 1, '2019-07-02 22:18:52', '2019-07-02 22:18:52'),
(280, 3, 184, 1, '2019-07-02 22:18:52', '2019-07-02 22:18:52'),
(281, 3, 185, 1, '2019-07-02 22:18:52', '2019-07-02 22:18:52'),
(282, 3, 189, 1, '2019-07-02 22:18:52', '2019-07-02 22:18:52'),
(283, 3, 190, 1, '2019-07-02 22:18:52', '2019-07-02 22:18:52'),
(284, 3, 186, 1, '2019-07-02 22:18:52', '2019-07-02 22:18:52'),
(285, 3, 195, 1, '2019-07-02 22:18:52', '2019-07-02 22:18:52'),
(286, 3, 191, 1, '2019-07-02 22:18:52', '2019-07-02 22:18:52'),
(287, 3, 192, 1, '2019-07-02 22:18:52', '2019-07-02 22:18:52'),
(288, 3, 197, 1, '2019-07-02 22:18:52', '2019-07-02 22:18:52'),
(289, 3, 200, 1, '2019-07-02 22:18:52', '2019-07-02 22:18:52'),
(290, 3, 202, 1, '2019-07-02 22:18:52', '2019-07-02 22:18:52'),
(291, 3, 201, 1, '2019-07-02 22:18:52', '2019-07-02 22:18:52'),
(292, 3, 205, 1, '2019-07-02 22:18:52', '2019-07-02 22:18:52'),
(293, 3, 203, 1, '2019-07-02 22:18:52', '2019-07-02 22:18:52'),
(294, 3, 207, 1, '2019-07-02 22:18:52', '2019-07-02 22:18:52'),
(295, 3, 204, 1, '2019-07-02 22:18:52', '2019-07-02 22:18:52'),
(296, 3, 210, 1, '2019-07-02 22:18:52', '2019-07-02 22:18:52'),
(297, 3, 212, 1, '2019-07-02 22:18:52', '2019-07-02 22:18:52'),
(298, 3, 211, 1, '2019-07-02 22:18:52', '2019-07-02 22:18:52'),
(299, 3, 217, 1, '2019-07-02 22:18:52', '2019-07-02 22:18:52'),
(300, 3, 215, 1, '2019-07-02 22:18:52', '2019-07-02 22:18:52');

-- --------------------------------------------------------

--
-- Table structure for table `faculties`
--

CREATE TABLE `faculties` (
  `id` int(10) UNSIGNED NOT NULL,
  `college_id` int(11) NOT NULL,
  `user_id` int(11) NOT NULL,
  `is_active` int(11) NOT NULL DEFAULT '1',
  `created_at` timestamp NULL DEFAULT NULL,
  `updated_at` timestamp NULL DEFAULT NULL
) ENGINE=InnoDB DEFAULT CHARSET=utf8mb4 COLLATE=utf8mb4_unicode_ci;

--
-- Dumping data for table `faculties`
--

INSERT INTO `faculties` (`id`, `college_id`, `user_id`, `is_active`, `created_at`, `updated_at`) VALUES
(1, 1, 2, 1, '2019-05-05 05:27:38', '2019-05-06 04:47:20'),
(2, 6, 3, 1, '2019-05-05 05:32:31', '2019-05-06 04:27:30'),
(3, 3, 4, 1, '2019-05-05 05:33:57', '2019-05-06 04:50:36'),
(4, 5, 7, 1, '2019-05-05 05:56:43', '2019-05-06 02:17:05'),
(5, 2, 8, 1, '2019-05-05 20:18:29', '2019-05-06 04:35:09'),
(9, 1, 12, 1, '2019-05-05 22:55:21', '2019-06-29 13:11:25'),
(10, 1, 13, 1, '2019-05-05 22:57:31', '2019-06-29 13:14:59'),
(11, 1, 14, 1, '2019-05-05 23:13:47', '2019-05-05 23:13:47'),
(12, 3, 15, 1, '2019-05-06 04:37:00', '2019-05-06 04:37:21'),
(13, 1, 16, 1, '2019-05-06 06:44:04', '2019-05-06 06:44:04'),
(14, 7, 17, 1, '2019-05-06 06:44:51', '2019-05-12 03:23:19'),
(15, 1, 19, 1, '2019-05-22 16:10:48', '2019-05-22 16:10:48'),
(16, 1, 20, 1, '2019-05-22 17:30:10', '2019-05-22 17:30:10'),
(17, 2, 21, 1, '2019-05-22 17:31:21', '2019-05-22 17:31:21');

-- --------------------------------------------------------

--
-- Table structure for table `image_objects`
--

CREATE TABLE `image_objects` (
  `id` int(10) UNSIGNED NOT NULL,
  `description` varchar(191) COLLATE utf8mb4_unicode_ci NOT NULL,
  `path` varchar(191) COLLATE utf8mb4_unicode_ci NOT NULL,
  `width` int(11) NOT NULL,
  `height` int(11) NOT NULL,
  `size` int(11) NOT NULL,
  `ref_id` varchar(191) COLLATE utf8mb4_unicode_ci NOT NULL,
  `created_at` timestamp NULL DEFAULT NULL,
  `updated_at` timestamp NULL DEFAULT NULL
) ENGINE=InnoDB DEFAULT CHARSET=utf8mb4 COLLATE=utf8mb4_unicode_ci;

--
-- Dumping data for table `image_objects`
--

INSERT INTO `image_objects` (`id`, `description`, `path`, `width`, `height`, `size`, `ref_id`, `created_at`, `updated_at`) VALUES
(1, 'try lang', 'uploads/GNaPrxcWm80mIQdZZQCGLxp0d7CzAmeCc0GA7JY5.png', 150, 150, 1, '_1j3k9zizy', '2019-05-31 12:31:11', '2019-05-31 12:31:11'),
(2, 'coordinate plane', 'uploads/r7k37ixO7nsYloeW2xgDDa2WcR6srYVwBngRYi1i.png', 200, 200, 2, '_1j3k9zizy', '2019-05-31 12:37:20', '2019-05-31 12:37:20'),
(3, 'pnc logo', 'uploads/ne6ULUlo9euWHcaIUMxhVWWO3pyMMU2jMhTVzzhB.png', 300, 150, 4, '_agea212lk', '2019-05-31 12:46:42', '2019-05-31 13:58:13'),
(4, 'test', 'uploads/qKjWhHzapir2J8kzeqJXFfUyfNi5iIfCBcrisUC6.png', 200, 200, 2, '_agea212lk', '2019-05-31 13:58:58', '2019-05-31 13:58:58'),
(5, 'broken bulb', 'uploads/Gutq7dinMPUYgPaK8IUW0rjaS1XE501OiezWXQwG.png', 200, 200, 2, '_agea212lk', '2019-05-31 14:00:28', '2019-05-31 14:00:28'),
(6, 'test', 'uploads/kQrHNv5Y2koJyFk79un0PLQa9iCBoJCTwlT0qmDy.png', 150, 150, 1, '_unrpclqgl', '2019-06-06 05:31:53', '2019-06-06 07:28:36'),
(7, 'try', 'uploads/bSK46TqhM75QymBRJJ6PuVSFn9MPjPKdMZVONe46.jpeg', 300, 150, 4, '_unrpclqgl', '2019-06-06 07:27:22', '2019-06-06 07:27:22'),
(8, 'test', 'uploads/uz9e7VOOO3tYujfx4CAUitCFGR5pFNTQkxlON9JB.png', 200, 200, 2, '_e6npqn4wm', '2019-06-17 03:21:29', '2019-06-17 03:21:29'),
(9, 'test', 'uploads/8Y9w2B8gVdNe6wyhaDQBgBBteAL4zM6RbvaAcX0R.png', 200, 200, 2, '_u0qumyouz', '2019-06-19 06:32:55', '2019-06-19 06:32:55'),
(10, 'sasd', 'uploads/Xbn7um8k8V6MrO89WkAUkj7fhVZrcfx1AC6967pO.png', 200, 200, 2, '_6ihtyoioi', '2019-06-19 06:34:47', '2019-06-19 06:34:47'),
(11, 'xx', 'uploads/C8GpRlApjFSY53xAKcZzucj1oY2BAM2MJtB1OpYe.png', 200, 200, 2, '_aulyy27ko', '2019-06-19 06:42:06', '2019-06-19 06:42:06'),
(12, 'img', 'uploads/ip3IZpO8M3408DLQ1OozDqwjtpDpur9fFPZPlIZk.png', 270, 270, 3, '_ohn3wf8bx', '2019-06-26 00:12:42', '2019-06-26 00:16:44'),
(13, 'graph', 'uploads/B8BqjMA6QpYbkkVLYcFfJb40grqExziE8VYepq2A.png', 270, 270, 3, '_sjfox9bix', '2019-06-26 00:20:11', '2019-06-26 00:20:11'),
(14, 'graph of names', 'uploads/AWICvoByS7BaPqowipEbjgQ4VgHRoUiNiRhAT8dk.png', 300, 150, 4, '_fms2kphli', '2019-06-30 07:16:32', '2019-06-30 07:16:32'),
(15, 'graph shortest path', 'uploads/4Cje2cHCSQohIcfGAxg1qLBGTi3tUeLMA3IbbZjl.png', 300, 150, 4, '_7v48v35ad', '2019-06-30 07:21:15', '2019-06-30 07:21:15'),
(16, 'graph 1', 'uploads/0YuQmOttyLFlUHQlaF1qz0XaFHv3tK81aXFu9KWK.png', 350, 200, 5, '_b658znune', '2019-06-30 07:25:26', '2019-06-30 07:25:26'),
(17, 'table', 'uploads/UneZgTznN75W3rVudVtTkEYGs5I1CwowjW3sFAZJ.gif', 200, 200, 2, '_259pjadc3', '2019-06-30 08:49:30', '2019-06-30 08:49:30'),
(18, 'gate hash', 'uploads/If3QASA4QkTvwgFk8zErBT5oJ1ZoBZHdyV0d6mue.bmp', 450, 270, 6, '_ykl4l69p8', '2019-06-30 08:51:43', '2019-06-30 08:51:56'),
(19, 'heap graph', 'uploads/bUWJJaDtMHpr3LmqygaJecfsOm3MYbdpTMhi1FvF.gif', 450, 270, 6, '_72wu42saw', '2019-06-30 08:54:36', '2019-06-30 08:54:36'),
(20, 'projectile', 'uploads/mXsmw5sZpaae1B9lLojvthqpTQ9lqPJgguxHxLH9.png', 300, 150, 4, '_exir5sfe1', '2019-07-02 02:43:30', '2019-07-02 02:43:30'),
(21, 'comparing picture', 'uploads/zqmaqevbXOx4jk8AFIxy95HqPOg5Sy7UlkXv4aNp.png', 300, 150, 4, '_syswp5cp3', '2019-07-02 02:47:25', '2019-07-02 02:50:09'),
(22, 'img1', 'uploads/MYpfYGJo93eMWxPVag4ii0jWIwamFw8EKp4yFlbj.png', 300, 150, 4, '_1m6y209q4', '2019-07-02 02:54:20', '2019-07-02 02:54:20'),
(23, 'choice a', 'uploads/IyLDJJaUUQ0aIZOMyEjh4JO72W4HpXtPj2CfMKZL.png', 150, 150, 1, '_1m6y209q4', '2019-07-02 02:56:19', '2019-07-02 02:58:30'),
(24, 'choice b', 'uploads/nVLwXww7AT2RBfzhH1tPQMxdLPF1iWuunHzErZRh.png', 150, 150, 1, '_1m6y209q4', '2019-07-02 02:56:33', '2019-07-02 02:58:37'),
(25, 'choice c', 'uploads/rDh656ehodyPQmn7CxxjGK2H29sx2bh6LDz9INfN.png', 150, 150, 1, '_1m6y209q4', '2019-07-02 02:56:45', '2019-07-02 02:58:44'),
(26, 'choice d', 'uploads/tBuCNpani0PgWIFN01ztVOAj4FS4CBDAiTW9J8lB.png', 150, 150, 1, '_1m6y209q4', '2019-07-02 02:57:01', '2019-07-02 02:58:49'),
(27, 'pic', 'uploads/PgCOEtvEENxNaqgGLMWLrysCTt8GwyXUqH8p2sz7.png', 200, 200, 2, '_6781uclej', '2019-07-02 03:01:12', '2019-07-02 03:01:12'),
(28, 'choice a', 'uploads/jkL1TWHhQQMAtCTbSz6HtJyZn8zhXmtgMQYX3Zpo.png', 150, 150, 1, '_6781uclej', '2019-07-02 03:02:27', '2019-07-02 03:02:33'),
(29, 'choice b', 'uploads/Cf9qY75IYjLpUVFWsICWK07cAwLtqRPDIO6JjLqT.png', 150, 150, 1, '_6781uclej', '2019-07-02 03:02:45', '2019-07-02 03:05:04'),
(30, 'choice c', 'uploads/5CGn3NoMP2AFTNnuWdi3jGe97XfkU7ydkF3PldTA.png', 150, 150, 1, '_6781uclej', '2019-07-02 03:02:59', '2019-07-02 03:05:10'),
(31, 'choice d', 'uploads/VNrzOvOE3LpeuWi9ciBQDVlGrXxObvbfnI3kfNS4.png', 150, 150, 1, '_6781uclej', '2019-07-02 03:03:12', '2019-07-02 03:05:15');

-- --------------------------------------------------------

--
-- Table structure for table `learning_levels`
--

CREATE TABLE `learning_levels` (
  `id` int(10) UNSIGNED NOT NULL,
  `name` varchar(191) COLLATE utf8mb4_unicode_ci NOT NULL,
  `description` text COLLATE utf8mb4_unicode_ci NOT NULL
) ENGINE=InnoDB DEFAULT CHARSET=utf8mb4 COLLATE=utf8mb4_unicode_ci;

--
-- Dumping data for table `learning_levels`
--

INSERT INTO `learning_levels` (`id`, `name`, `description`) VALUES
(1, 'Introduced', 'Students are introduced to knowledge and skills and are able to remember and understand what they have learned'),
(2, 'Reinforced', 'Students are practice through activities that help them learn how to apply their learning or skills'),
(3, 'Demonstrated', 'Students are able to integrate the knowledge and skills in order to accumulate, evaluate, and create new ideas');

-- --------------------------------------------------------

--
-- Table structure for table `math_objects`
--

CREATE TABLE `math_objects` (
  `id` int(10) UNSIGNED NOT NULL,
  `formula` varchar(191) COLLATE utf8mb4_unicode_ci NOT NULL,
  `ref_id` varchar(191) COLLATE utf8mb4_unicode_ci NOT NULL,
  `created_at` timestamp NULL DEFAULT NULL,
  `updated_at` timestamp NULL DEFAULT NULL
) ENGINE=InnoDB DEFAULT CHARSET=utf8mb4 COLLATE=utf8mb4_unicode_ci;

--
-- Dumping data for table `math_objects`
--

INSERT INTO `math_objects` (`id`, `formula`, `ref_id`, `created_at`, `updated_at`) VALUES
(1, 'f(x)=x+y', '_unrpclqgl', '2019-06-06 11:17:15', '2019-06-06 11:17:15'),
(2, 'f(x)=x+y', '_unrpclqgl', '2019-06-06 11:20:14', '2019-06-06 11:20:14'),
(3, 'f(x)=x+\\frac{x}{x^2}', '_unrpclqgl', '2019-06-06 11:32:27', '2019-06-06 11:32:27'),
(4, 'f(x)=\\frac{c}{x^2+c}', '_unrpclqgl', '2019-06-06 13:14:24', '2019-06-06 13:14:24'),
(5, 'y=mx+b', '_unrpclqgl', '2019-06-06 13:16:00', '2019-06-06 13:16:00'),
(6, 'f(x)=x+10', '_unrpclqgl', '2019-06-06 13:19:12', '2019-06-06 13:19:12'),
(7, 'y=mx+b111', '_unrpclqgl', '2019-06-06 13:29:55', '2019-06-06 13:32:53'),
(8, 'y=mx+\\frac{b20}{x}', '_unrpclqgl', '2019-06-06 13:30:45', '2019-06-06 13:32:37'),
(9, '\\frac{x}{x+y}=10', '_unrpclqgl', '2019-06-06 13:35:44', '2019-06-06 13:36:49'),
(10, 'f(x)=x+y', '_w23fzoncv', '2019-06-06 14:00:52', '2019-06-06 14:00:52'),
(11, 'f(x)=x^2+y', '_nlfti741s', '2019-06-06 14:01:38', '2019-06-06 14:01:38'),
(12, 'f(x)=x+\\frac{x}{20}+10', '_nlfti741s', '2019-06-06 14:02:01', '2019-06-06 14:02:01'),
(13, 'y=mx+b', '_nlfti741s', '2019-06-06 14:02:19', '2019-06-06 14:02:19'),
(14, 'x^2+y^2=10', '_nlfti741s', '2019-06-06 14:02:49', '2019-06-06 14:02:49'),
(15, 'f(x)=x+x^w', '_atyz8rl80', '2019-06-06 14:03:53', '2019-06-06 14:04:01'),
(16, '\\frac{x}{y+2}=20', '_qvmsdoxyi', '2019-06-17 03:26:42', '2019-06-17 03:26:42'),
(17, '2x+12=20', '_6ihtyoioi', '2019-06-19 06:35:12', '2019-06-19 06:35:12'),
(18, 'mx+y=b', '_6ihtyoioi', '2019-06-19 06:35:44', '2019-06-19 06:35:44'),
(19, 'x+=20', '_6ihtyoioi', '2019-06-19 06:36:06', '2019-06-19 06:36:06'),
(20, '20', '_6ihtyoioi', '2019-06-19 06:36:33', '2019-06-19 06:36:33'),
(21, '5x=20', '_3ysjloma2', '2019-07-02 02:31:57', '2019-07-02 02:31:57'),
(22, 'f(x)=5x-3', '_25cwy4ert', '2019-07-02 03:10:29', '2019-07-02 03:10:29'),
(23, 'f(5)=?', '_25cwy4ert', '2019-07-02 03:12:15', '2019-07-02 03:12:15');

-- --------------------------------------------------------

--
-- Table structure for table `migrations`
--

CREATE TABLE `migrations` (
  `id` int(10) UNSIGNED NOT NULL,
  `migration` varchar(191) COLLATE utf8mb4_unicode_ci NOT NULL,
  `batch` int(11) NOT NULL
) ENGINE=InnoDB DEFAULT CHARSET=utf8mb4 COLLATE=utf8mb4_unicode_ci;

--
-- Dumping data for table `migrations`
--

INSERT INTO `migrations` (`id`, `migration`, `batch`) VALUES
(1, '2014_10_12_000000_create_users_table', 1),
(2, '2014_10_12_100000_create_password_resets_table', 1),
(3, '2019_05_05_041123_create_colleges_table', 1),
(4, '2019_05_05_062239_create_faculties_table', 1),
(5, '2019_05_05_080234_create_user_types_table', 1),
(6, '2019_05_08_053251_create_programs_table', 2),
(7, '2019_05_08_122609_create_courses_table', 3),
(9, '2019_05_09_204319_create_curricula_table', 4),
(10, '2019_05_10_161302_create_curriculum_courses_table', 5),
(11, '2019_05_12_125034_create_course_requisites_table', 6),
(12, '2019_05_17_152255_create_performance_indicators_table', 7),
(13, '2019_05_17_152952_create_performance_criterias_table', 8),
(14, '2019_05_17_153034_create_student_outcomes_table', 8),
(15, '2019_05_17_153224_create_performance_criteria_indicators_table', 8),
(16, '2019_05_21_230434_create_curriculum_maps_table', 9),
(17, '2019_05_21_230457_create_learning_levels_table', 9),
(18, '2019_05_21_235242_create_curriculum_mapping_statuses_table', 10),
(19, '2019_05_24_010044_create_students_table', 11),
(20, '2019_05_27_174748_create_difficulty_levels_table', 12),
(21, '2019_05_27_175300_create_test_questions_table', 13),
(22, '2019_05_27_180418_create_choices_table', 13),
(23, '2019_05_29_210824_create_image_objects_table', 14),
(24, '2019_06_06_130339_create_code_objects_table', 15),
(25, '2019_06_06_185135_create_math_objects_table', 16),
(26, '2019_06_25_091802_create_exams_table', 17),
(27, '2019_06_25_093158_create_exam_levels_table', 17),
(28, '2019_07_01_004211_create_exam_test_questions_table', 18);

-- --------------------------------------------------------

--
-- Table structure for table `password_resets`
--

CREATE TABLE `password_resets` (
  `email` varchar(191) COLLATE utf8mb4_unicode_ci NOT NULL,
  `token` varchar(191) COLLATE utf8mb4_unicode_ci NOT NULL,
  `created_at` timestamp NULL DEFAULT NULL
) ENGINE=InnoDB DEFAULT CHARSET=utf8mb4 COLLATE=utf8mb4_unicode_ci;

-- --------------------------------------------------------

--
-- Table structure for table `performance_criterias`
--

CREATE TABLE `performance_criterias` (
  `id` int(10) UNSIGNED NOT NULL,
  `description` text COLLATE utf8mb4_unicode_ci NOT NULL,
  `student_outcome_id` int(11) NOT NULL,
  `created_at` timestamp NULL DEFAULT NULL,
  `updated_at` timestamp NULL DEFAULT NULL
) ENGINE=InnoDB DEFAULT CHARSET=utf8mb4 COLLATE=utf8mb4_unicode_ci;

--
-- Dumping data for table `performance_criterias`
--

INSERT INTO `performance_criterias` (`id`, `description`, `student_outcome_id`, `created_at`, `updated_at`) VALUES
(6, 'Acquire knowledge of computing, science, mathematics appropriate to the IT discipline', 7, '2019-05-17 14:43:14', '2019-05-27 02:54:27'),
(7, 'Understand best practice and standards, and their applications', 8, '2019-05-17 14:51:54', '2019-05-27 02:59:30'),
(8, 'Can analyze complex problems, and identify and define the computing requirements appropriate to its solution', 9, '2019-05-18 03:26:45', '2019-05-27 05:33:32'),
(9, 'Can identify and analyze user need and take them into account in the selection, creation, evaluation, and administration of computer based systems', 10, '2019-05-18 06:29:54', '2019-05-27 05:34:49'),
(10, 'Can design, implement, and evaluate computer based systems, processes, components, or programs to meet desired needs and requirements under various constraints', 11, '2019-05-18 06:43:44', '2019-05-27 05:36:47'),
(11, 'Can integrate IT-based solutions into the user environment effectively', 12, '2019-05-18 06:44:34', '2019-05-27 05:42:27'),
(12, 'Can apply knowledge through the use of current techniques, skills, tools and practices necessary for the IT profession', 13, '2019-05-18 06:46:21', '2019-05-27 05:43:00'),
(13, 'Can function effectively as a member or leader of a development team recognizing the different roles within a team to accomplish a common goal', 14, '2019-05-18 06:48:06', '2019-05-27 05:43:44'),
(14, 'Can assist in the creation of an effective IT project plan', 15, '2019-05-18 07:34:09', '2019-05-27 05:44:11'),
(15, 'asdasdasd', 16, '2019-05-18 07:40:22', '2019-05-18 07:40:22'),
(16, 'Can communicate effectively with the computing community and with society at large about complex computing activities through logical writing, presentations, and clear instructions', 17, '2019-05-18 13:22:49', '2019-05-27 05:44:48'),
(17, 'asdasd', 18, '2019-05-18 13:23:28', '2019-05-18 13:23:28'),
(18, 'asd', 19, '2019-05-18 13:33:48', '2019-05-18 13:33:48'),
(19, 'Can analyze the local and global impact of computing information technology on individuals, organizations, and society', 20, '2019-05-27 05:46:43', '2019-05-27 05:46:43'),
(20, 'Can understand professional, ethical, legal, security and social issues and responsibilities in the utilization of information technology', 21, '2019-05-27 05:47:34', '2019-05-27 05:47:34'),
(21, 'Can recognize the need for and engage in planning self-learning and improving performance as a foundation for continuing professional development', 22, '2019-05-27 05:48:13', '2019-05-27 05:48:13');

-- --------------------------------------------------------

--
-- Table structure for table `performance_criteria_indicators`
--

CREATE TABLE `performance_criteria_indicators` (
  `id` int(10) UNSIGNED NOT NULL,
  `performance_criteria_id` int(11) NOT NULL,
  `performance_indicator_id` int(11) NOT NULL,
  `description` text COLLATE utf8mb4_unicode_ci NOT NULL,
  `score_percentage` double(8,2) NOT NULL,
  `created_at` timestamp NULL DEFAULT NULL,
  `updated_at` timestamp NULL DEFAULT NULL
) ENGINE=InnoDB DEFAULT CHARSET=utf8mb4 COLLATE=utf8mb4_unicode_ci;

--
-- Dumping data for table `performance_criteria_indicators`
--

INSERT INTO `performance_criteria_indicators` (`id`, `performance_criteria_id`, `performance_indicator_id`, `description`, `score_percentage`, `created_at`, `updated_at`) VALUES
(6, 6, 1, 'Can hardly manifest any knowledge of computing, science and math appropriate to the discipline', 25.00, '2019-05-17 14:43:14', '2019-05-27 02:54:27'),
(7, 6, 2, 'Obtain some knowledge of computing, science, and mathematics appropriate to the discipline', 50.00, '2019-05-17 14:43:14', '2019-05-27 02:54:27'),
(8, 6, 3, 'Obtain substantial knowledge of computing, science and mathematics appropriate to the discipline', 75.00, '2019-05-17 14:43:14', '2019-05-27 02:54:27'),
(9, 6, 4, 'Obtain almost all knowledge of computing, science, and mathematics appropriate to the discipline', 95.00, '2019-05-17 14:43:14', '2019-05-27 02:54:27'),
(10, 7, 1, 'Can hardly understand best practice and standards, and their applications', 25.00, '2019-05-17 14:51:54', '2019-05-27 02:59:30'),
(11, 7, 2, 'Can sometimes understand best practice and standards, and their applications', 50.00, '2019-05-17 14:51:54', '2019-05-27 02:59:30'),
(12, 7, 3, 'Can easily understand best practice and standards, and their applications', 75.00, '2019-05-17 14:51:54', '2019-05-27 02:59:30'),
(13, 7, 4, 'Can apply and understand best practice and standards, and their applications', 95.00, '2019-05-17 14:51:54', '2019-05-27 02:59:31'),
(14, 8, 1, 'unsatisfactory', 25.00, '2019-05-18 03:26:45', '2019-05-18 03:26:45'),
(15, 8, 2, 'developing', 50.00, '2019-05-18 03:26:46', '2019-05-18 03:26:46'),
(16, 8, 3, 'satisfactory', 75.00, '2019-05-18 03:26:46', '2019-05-18 03:26:46'),
(17, 8, 4, 'exemplary', 95.00, '2019-05-18 03:26:46', '2019-05-18 03:26:46'),
(18, 9, 1, 'unsatisfactory', 26.00, '2019-05-18 06:29:54', '2019-05-18 06:29:54'),
(19, 9, 2, 'developing', 50.00, '2019-05-18 06:29:54', '2019-05-18 06:29:54'),
(20, 9, 3, 'satisfactory', 75.00, '2019-05-18 06:29:54', '2019-05-18 06:29:54'),
(21, 9, 4, 'exemplary', 95.00, '2019-05-18 06:29:54', '2019-05-18 06:29:54'),
(22, 10, 1, 'asd', 25.00, '2019-05-18 06:43:44', '2019-05-18 06:43:44'),
(23, 10, 2, 'asd', 50.00, '2019-05-18 06:43:44', '2019-05-18 06:43:44'),
(24, 10, 3, 'asdasd', 75.00, '2019-05-18 06:43:44', '2019-05-18 06:43:44'),
(25, 10, 4, 'asdasd', 95.00, '2019-05-18 06:43:45', '2019-05-18 06:43:45'),
(26, 11, 1, 'asd', 25.00, '2019-05-18 06:44:34', '2019-05-18 06:44:34'),
(27, 11, 2, 'asdasd', 50.00, '2019-05-18 06:44:34', '2019-05-18 06:44:34'),
(28, 11, 3, 'asdasd', 75.00, '2019-05-18 06:44:34', '2019-05-18 06:44:34'),
(29, 11, 4, 'asdasd', 95.00, '2019-05-18 06:44:34', '2019-05-18 06:44:34'),
(30, 12, 1, 'asdasd', 25.00, '2019-05-18 06:46:21', '2019-05-18 06:46:21'),
(31, 12, 2, 'asdasd', 50.00, '2019-05-18 06:46:21', '2019-05-18 06:46:21'),
(32, 12, 3, 'asdasdasd', 75.00, '2019-05-18 06:46:21', '2019-05-18 06:46:21'),
(33, 12, 4, 'asdasdadsad', 95.00, '2019-05-18 06:46:21', '2019-05-18 06:46:21'),
(34, 13, 1, 'unsatisfactory', 25.00, '2019-05-18 06:48:06', '2019-05-18 07:29:58'),
(35, 13, 2, 'developing', 50.00, '2019-05-18 06:48:07', '2019-05-18 07:29:58'),
(36, 13, 3, 'satisfactory', 75.00, '2019-05-18 06:48:07', '2019-05-18 07:29:58'),
(37, 13, 4, 'exemplary', 95.00, '2019-05-18 06:48:07', '2019-05-18 07:29:58'),
(38, 14, 1, 'asd', 25.00, '2019-05-18 07:34:09', '2019-05-18 07:34:09'),
(39, 14, 2, 'asdasd', 50.00, '2019-05-18 07:34:09', '2019-05-18 07:34:09'),
(40, 14, 3, 'asdasd', 75.00, '2019-05-18 07:34:09', '2019-05-18 07:34:09'),
(41, 14, 4, 'asdasd', 95.00, '2019-05-18 07:34:09', '2019-05-18 07:34:09'),
(42, 15, 1, 'asd', 25.00, '2019-05-18 07:40:22', '2019-05-18 07:40:22'),
(43, 15, 2, 'asd', 50.00, '2019-05-18 07:40:22', '2019-05-18 07:40:22'),
(44, 15, 3, 'asdasdsad', 75.00, '2019-05-18 07:40:22', '2019-05-18 07:40:22'),
(45, 15, 4, 'sdsdsd', 95.00, '2019-05-18 07:40:22', '2019-05-18 07:40:22'),
(46, 16, 1, 'ddd1', 25.00, '2019-05-18 13:22:49', '2019-05-18 13:23:02'),
(47, 16, 2, 'ddd1', 50.00, '2019-05-18 13:22:49', '2019-05-18 13:23:02'),
(48, 16, 3, 'ddd1', 75.00, '2019-05-18 13:22:49', '2019-05-18 13:23:02'),
(49, 16, 4, 'ddd1', 95.00, '2019-05-18 13:22:49', '2019-05-18 13:23:02'),
(50, 17, 1, 'asd', 25.00, '2019-05-18 13:23:28', '2019-05-18 13:23:28'),
(51, 17, 2, 'asd', 50.00, '2019-05-18 13:23:28', '2019-05-18 13:23:28'),
(52, 17, 3, 'asda', 75.00, '2019-05-18 13:23:28', '2019-05-18 13:23:28'),
(53, 17, 4, 'asd', 95.00, '2019-05-18 13:23:28', '2019-05-18 13:23:28'),
(54, 18, 1, 'asdasd', 25.00, '2019-05-18 13:33:48', '2019-05-18 13:33:48'),
(55, 18, 2, 'asdasd', 50.00, '2019-05-18 13:33:48', '2019-05-18 13:33:48'),
(56, 18, 3, 'asdasd', 75.00, '2019-05-18 13:33:48', '2019-05-18 13:33:48'),
(57, 18, 4, 'asdasd', 95.00, '2019-05-18 13:33:48', '2019-05-18 13:33:48'),
(58, 19, 1, 'unsatisfactory', 25.00, '2019-05-27 05:46:43', '2019-05-27 05:46:43'),
(59, 19, 2, 'developing', 50.00, '2019-05-27 05:46:43', '2019-05-27 05:46:43'),
(60, 19, 3, 'satisfactory', 75.00, '2019-05-27 05:46:43', '2019-05-27 05:46:43'),
(61, 19, 4, 'exemplary', 95.00, '2019-05-27 05:46:43', '2019-05-27 05:46:43'),
(62, 20, 1, 'unsatisfactory', 25.00, '2019-05-27 05:47:34', '2019-05-27 05:47:34'),
(63, 20, 2, 'developing', 50.00, '2019-05-27 05:47:34', '2019-05-27 05:47:34'),
(64, 20, 3, 'satisfactory', 75.00, '2019-05-27 05:47:34', '2019-05-27 05:47:34'),
(65, 20, 4, 'exemplary', 95.00, '2019-05-27 05:47:34', '2019-05-27 05:47:34'),
(66, 21, 1, 'unsatisfactory', 25.00, '2019-05-27 05:48:13', '2019-05-27 05:48:13'),
(67, 21, 2, 'developing', 50.00, '2019-05-27 05:48:13', '2019-05-27 05:48:13'),
(68, 21, 3, 'satisfactory', 75.00, '2019-05-27 05:48:14', '2019-05-27 05:48:14'),
(69, 21, 4, 'exemplary', 95.00, '2019-05-27 05:48:14', '2019-05-27 05:48:14');

-- --------------------------------------------------------

--
-- Table structure for table `performance_indicators`
--

CREATE TABLE `performance_indicators` (
  `id` int(10) UNSIGNED NOT NULL,
  `description` varchar(191) COLLATE utf8mb4_unicode_ci NOT NULL
) ENGINE=InnoDB DEFAULT CHARSET=utf8mb4 COLLATE=utf8mb4_unicode_ci;

--
-- Dumping data for table `performance_indicators`
--

INSERT INTO `performance_indicators` (`id`, `description`) VALUES
(1, 'Unsatisfactory'),
(2, 'Developing'),
(3, 'Satisfactory'),
(4, 'Exemplary');

-- --------------------------------------------------------

--
-- Table structure for table `programs`
--

CREATE TABLE `programs` (
  `id` int(10) UNSIGNED NOT NULL,
  `program_code` varchar(10) COLLATE utf8mb4_unicode_ci NOT NULL,
  `description` varchar(255) COLLATE utf8mb4_unicode_ci NOT NULL,
  `college_id` int(11) NOT NULL,
  `color` varchar(191) COLLATE utf8mb4_unicode_ci NOT NULL,
  `created_at` timestamp NULL DEFAULT NULL,
  `updated_at` timestamp NULL DEFAULT NULL
) ENGINE=InnoDB DEFAULT CHARSET=utf8mb4 COLLATE=utf8mb4_unicode_ci;

--
-- Dumping data for table `programs`
--

INSERT INTO `programs` (`id`, `program_code`, `description`, `college_id`, `color`, `created_at`, `updated_at`) VALUES
(1, 'BSIT', 'BACHELOR OF SCIENCE IN INFORMATION TECHNOLOGY', 1, '#00ACC1', '2019-05-07 23:08:33', '2019-06-25 22:26:31'),
(2, 'BSCS', 'BACHELOR OF SCIENCE IN COMPUTER SCIENCE', 1, '#FDD835', '2019-05-07 23:35:06', '2019-05-08 00:26:28'),
(9, 'BSBA', 'BACHELOR OF SCIENCE IN BUSINESS ADMINISTRATION', 5, '#43A047', '2019-05-08 01:17:34', '2019-05-08 01:17:34'),
(10, 'BSA', 'BACHELOR OF SCIENCE IN ACCOUNTING', 5, '#00ACC1', '2019-05-08 01:31:31', '2019-05-08 01:31:31'),
(11, 'BSN', 'BACHELOR OF SCIENCE IN NURSING', 6, '#1E88E5', '2019-05-08 02:24:12', '2019-05-08 02:28:58');

-- --------------------------------------------------------

--
-- Table structure for table `students`
--

CREATE TABLE `students` (
  `id` int(10) UNSIGNED NOT NULL,
  `student_id` varchar(7) COLLATE utf8mb4_unicode_ci NOT NULL,
  `program_id` int(11) NOT NULL,
  `curriculum_id` int(11) NOT NULL,
  `user_id` int(11) NOT NULL,
  `created_at` timestamp NULL DEFAULT NULL,
  `updated_at` timestamp NULL DEFAULT NULL
) ENGINE=InnoDB DEFAULT CHARSET=utf8mb4 COLLATE=utf8mb4_unicode_ci;

--
-- Dumping data for table `students`
--

INSERT INTO `students` (`id`, `student_id`, `program_id`, `curriculum_id`, `user_id`, `created_at`, `updated_at`) VALUES
(9, '1823456', 1, 38, 34, '2019-07-02 22:47:29', '2019-07-02 22:47:29');

-- --------------------------------------------------------

--
-- Table structure for table `student_outcomes`
--

CREATE TABLE `student_outcomes` (
  `id` int(10) UNSIGNED NOT NULL,
  `program_id` int(11) NOT NULL,
  `so_code` varchar(191) COLLATE utf8mb4_unicode_ci NOT NULL,
  `description` text COLLATE utf8mb4_unicode_ci NOT NULL,
  `created_at` timestamp NULL DEFAULT NULL,
  `updated_at` timestamp NULL DEFAULT NULL
) ENGINE=InnoDB DEFAULT CHARSET=utf8mb4 COLLATE=utf8mb4_unicode_ci;

--
-- Dumping data for table `student_outcomes`
--

INSERT INTO `student_outcomes` (`id`, `program_id`, `so_code`, `description`, `created_at`, `updated_at`) VALUES
(7, 1, 'IT01', 'Apply knowldege of computing, science, and mathematics appropriate to the discipline', '2019-05-17 14:43:14', '2019-05-27 02:54:27'),
(8, 1, 'IT02', 'Undestand best practice and standards, and their applications', '2019-05-17 14:51:54', '2019-05-27 02:59:30'),
(9, 1, 'IT03', 'Analyze complex problems, and identify and define the computing requirements appropriate to its solution', '2019-05-18 03:26:45', '2019-05-27 05:33:09'),
(10, 1, 'IT04', 'Identify and analyze user need and take them into account in the selection, creation, evaluation, and administration of computer based systems', '2019-05-18 06:29:54', '2019-05-27 05:34:49'),
(11, 1, 'IT05', 'Design, implement, and evaluate computer based systems, processes, components, or programs to meet desired needs and requirements under various constraints', '2019-05-18 06:43:44', '2019-05-27 05:36:47'),
(12, 1, 'IT06', 'Integrate IT-based solutions into the user environment effectively', '2019-05-18 06:44:34', '2019-05-27 05:42:27'),
(13, 1, 'IT07', 'Apply knowledge through the use of current techniques, skills, tools and practices necessary for the IT profession', '2019-05-18 06:46:21', '2019-05-27 05:43:00'),
(14, 1, 'IT08', 'Function effectively as a member or leader of a development team recognizing the different roles within a team to accomplish a common goal', '2019-05-18 06:48:06', '2019-05-27 05:43:44'),
(15, 1, 'IT09', 'Assist in the creation of an effective IT project plan', '2019-05-18 07:34:09', '2019-05-27 05:44:11'),
(16, 2, 'CS01', 'asdasdasd', '2019-05-18 07:40:22', '2019-05-18 07:40:22'),
(17, 1, 'IT10', 'Communicate effectively with the computing community and with society at large about complex computing activities through logical writing, presentations, and clear instructions', '2019-05-18 13:22:49', '2019-05-27 05:44:48'),
(18, 2, 'CS02', 'tryasd', '2019-05-18 13:23:28', '2019-05-18 13:23:28'),
(19, 10, 'BA01', 'asdasd', '2019-05-18 13:33:48', '2019-05-18 13:33:48'),
(20, 1, 'IT11', 'Analyze the local and global impact of computing information technology on individuals, organizations, and society', '2019-05-27 05:46:43', '2019-05-27 05:46:43'),
(21, 1, 'IT12', 'Understand professional, ethical, legal, security and social issues and responsibilities in the utilization of information technology', '2019-05-27 05:47:34', '2019-05-27 05:47:34'),
(22, 1, 'IT13', 'Recognize the need for and engage in planning self-learning and improving performance as a foundation for continuing professional development', '2019-05-27 05:48:13', '2019-05-27 05:48:13');

-- --------------------------------------------------------

--
-- Table structure for table `test_questions`
--

CREATE TABLE `test_questions` (
  `id` int(10) UNSIGNED NOT NULL,
  `title` varchar(191) COLLATE utf8mb4_unicode_ci NOT NULL,
  `body` text COLLATE utf8mb4_unicode_ci NOT NULL,
  `student_outcome_id` int(11) NOT NULL,
  `course_id` int(11) NOT NULL,
  `difficulty_level_id` int(11) NOT NULL,
  `user_id` int(11) NOT NULL,
  `is_active` tinyint(1) NOT NULL DEFAULT '1',
  `performance_criteria_id` int(11) NOT NULL,
  `ref_id` varchar(191) COLLATE utf8mb4_unicode_ci NOT NULL,
  `created_at` timestamp NULL DEFAULT NULL,
  `updated_at` timestamp NULL DEFAULT NULL
) ENGINE=InnoDB DEFAULT CHARSET=utf8mb4 COLLATE=utf8mb4_unicode_ci;

--
-- Dumping data for table `test_questions`
--

INSERT INTO `test_questions` (`id`, `title`, `body`, `student_outcome_id`, `course_id`, `difficulty_level_id`, `user_id`, `is_active`, `performance_criteria_id`, `ref_id`, `created_at`, `updated_at`) VALUES
(1, 'Solving for basic equation', 'solve for x:\n2x + 3 = 5', 7, 92, 1, 2, 1, 6, '_usr0traiv', '2019-06-30 03:56:29', '2019-06-30 03:59:50'),
(2, 'Count the vetices from graphs', 'How many vertices are in the graph below?\n\n[[#img14]]', 7, 102, 2, 2, 1, 6, '_fms2kphli', '2019-06-30 07:17:32', '2019-06-30 07:41:14'),
(3, 'Finding shortest path from graph 1', 'What is the shortest path between Audrey and Dave in this graph?\n\n [[#img15]]', 7, 102, 1, 2, 1, 6, '_7v48v35ad', '2019-06-30 07:22:31', '2019-06-30 07:24:54'),
(4, 'Find shortest path from graph 2', 'What is the shortest path between Hartford and Canton?\n\n[[#img16]]', 7, 102, 2, 2, 1, 6, '_b658znune', '2019-06-30 07:28:34', '2019-06-30 07:28:34'),
(5, 'Identify stability in sorting algorithm', 'Which of the following is not a stable sorting algorithm in its typical implementation?', 7, 102, 2, 2, 1, 6, '_m8fep3l1l', '2019-06-30 07:32:17', '2019-06-30 07:32:59'),
(6, 'Identify linear data structure', 'Which one of the below mentioned is linear data structure?', 7, 102, 1, 2, 1, 6, '_pg1wifzec', '2019-06-30 07:38:24', '2019-06-30 07:38:24'),
(7, 'Minimum number of queues required for priority queue implementation', 'Minimum number of queues required for priority queue implementation?', 7, 102, 2, 2, 1, 6, '_43tl8hzxy', '2019-06-30 07:39:37', '2019-06-30 07:39:37'),
(8, 'trace output of square matrix of size n x n', 'Let A be a square matrix of size n x n. Consider the following program. What is the expected output?\n\n[[#code10]]', 7, 102, 3, 2, 1, 6, '_38ft1whqq', '2019-06-30 07:44:25', '2019-06-30 07:44:25'),
(9, 'How to declare array in java', 'Which of the following correctly declares an array?', 7, 102, 1, 2, 1, 6, '_h9k4kfvox', '2019-06-30 07:48:40', '2019-06-30 07:48:40'),
(10, 'linked list question', 'What does the following function do for a given Linked List with first node as head?\n\n [[#code11]]', 7, 102, 2, 2, 1, 6, '_5iwu57dwp', '2019-06-30 07:51:28', '2019-06-30 07:51:28'),
(11, 'linked list and array comparison', 'Which of the following points is/are true about Linked List data structure when it is compared with array', 7, 102, 1, 2, 1, 6, '_vyg7arz0w', '2019-06-30 07:52:51', '2019-06-30 07:53:05'),
(12, 'Linked list sorting', 'Which of the following sorting algorithms can be used to sort a random linked list with minimum time complexity?', 7, 102, 3, 2, 1, 6, '_ovkzxw3n0', '2019-06-30 07:54:26', '2019-06-30 07:54:42'),
(13, 'Reverse a linked list in java, implementation.', 'The following function reverse() is supposed to reverse a singly linked list. There is one line missing at the end of the function.\n[[#code12]]\nWhat should be added in place of \"/*ADD A STATEMENT HERE*/\", so that the function correctly reverses a linked list.', 7, 102, 3, 2, 1, 6, '_buo3nzql7', '2019-06-30 07:56:54', '2019-06-30 07:57:56'),
(14, 'Printing node in linked list java', 'What is the output of following function for start pointing to first node of following linked list? 1->2->3->4->5->6\n[[#code13]]', 7, 102, 3, 2, 1, 6, '_kzf234t5n', '2019-06-30 08:00:04', '2019-06-30 08:00:04'),
(15, 'Application of stack', 'Which one of the following is an application of Stack Data Structure?', 7, 102, 1, 2, 1, 6, '_lojsgvbu1', '2019-06-30 08:04:31', '2019-06-30 08:04:31'),
(16, 'About linked list implementation of stack', 'Which of the following is true about linked list implementation of stack?', 7, 102, 2, 2, 1, 6, '_mnukyedww', '2019-06-30 08:05:58', '2019-06-30 08:05:58'),
(17, 'Evaluating postfix expression', 'The result evaluating the postfix expression 10 5 + 60 6 / * 8 – is', 7, 102, 2, 2, 1, 6, '_h7d19lpkn', '2019-06-30 08:08:07', '2019-06-30 08:08:07'),
(18, 'Best algorithm for balanced parenthesis', 'The best data structure to check whether an arithmetic expression has balanced parenthesis is a', 7, 102, 1, 2, 1, 6, '_6mblcnaez', '2019-06-30 08:09:55', '2019-06-30 08:09:55'),
(19, 'Define binary tree', 'Which of the following is a true about Binary Trees', 7, 102, 1, 2, 1, 6, '_g7heaxjjh', '2019-06-30 08:36:09', '2019-06-30 08:36:09'),
(20, 'Number of leaf nodes', 'The number of leaf nodes in a rooted tree of n nodes, with each node having 0 or 3 children is:', 7, 102, 1, 2, 1, 6, '_dn6qkoji4', '2019-06-30 08:37:44', '2019-06-30 08:37:44'),
(21, 'Application queue', 'Which one of the following is an application of Queue Data Structure?', 7, 102, 1, 2, 1, 6, '_543gypgel', '2019-06-30 08:40:43', '2019-06-30 08:40:43'),
(22, 'How many stacks are needed to implement a queue', 'How many stacks are needed to implement a queue. Consider the situation where no other data structure like arrays, linked list is available to you.', 7, 102, 1, 2, 1, 6, '_99gxpp5fz', '2019-06-30 08:41:28', '2019-06-30 08:41:28'),
(23, 'What is the worst case time complexity for search', 'What is the worst case time complexity for search, insert and delete operations in a general Binary Search Tree?', 7, 102, 3, 2, 1, 6, '_39k5oiqnc', '2019-06-30 08:43:13', '2019-06-30 08:43:13'),
(24, 'Traversal outputs the data in sorted order', 'Which of the following traversal outputs the data in sorted order in a BST?', 7, 102, 2, 2, 1, 6, '_2qrkm8l5q', '2019-06-30 08:45:21', '2019-06-30 08:45:21'),
(25, 'binary search tree', 'Suppose the numbers 7, 5, 1, 8, 3, 6, 0, 9, 4, 2 are inserted in that order into an initially empty binary search tree. The binary search tree uses the usual ordering on natural numbers. What is the in-order traversal sequence of the resultant tree?', 7, 102, 3, 2, 1, 6, '_6wpfjdv86', '2019-06-30 08:46:32', '2019-06-30 08:46:32'),
(26, 'preorder traversal sequence of a binary search tree', 'The preorder traversal sequence of a binary search tree is 30, 20, 10, 15, 25, 23, 39, 35, 42. Which one of the following is the postorder traversal sequence of the same tree?', 7, 102, 3, 2, 1, 6, '_e5lxsvxvr', '2019-06-30 08:47:33', '2019-06-30 08:47:33'),
(27, 'Hash table of length 10', 'A hash table of length 10 uses open addressing with hash function h(k)=k mod 10, and linear probing. After inserting 6 values into an empty hash table, the table is as shown below. \n[[#img17]] \nWhich one of the following choices gives a possible order in which the key values could have been inserted in the table?', 7, 102, 3, 2, 1, 6, '_259pjadc3', '2019-06-30 08:50:30', '2019-06-30 08:50:30'),
(28, 'Gate hash', 'The keys 12, 18, 13, 2, 3, 23, 5 and 15 are inserted into an initially empty hash table of length 10 using open addressing with hash function h(k) = k mod 10 and linear probing. What is the resultant hash table?\n[[#img18]]', 7, 102, 3, 2, 1, 6, '_ykl4l69p8', '2019-06-30 08:52:27', '2019-06-30 08:52:27'),
(29, 'Identify Max Heap', 'A max-heap is a heap where the value of each parent is greater than or equal to the values of its children. Which of the following is a max-heap?\n\n[[#img19]]', 7, 102, 3, 2, 1, 6, '_72wu42saw', '2019-06-30 08:55:10', '2019-06-30 08:55:48'),
(30, 'linked list search', 'In the worst case, the number of comparisons needed to search a singly linked list of length n for a given element is', 7, 102, 2, 2, 1, 6, '_x48k3zqgm', '2019-06-30 08:57:17', '2019-06-30 08:57:17'),
(31, 'Order of operation', 'What is the output of the following code?\n\n[[#code14]]', 7, 90, 1, 2, 1, 6, '_lm0hh1z5o', '2019-06-30 09:08:18', '2019-06-30 09:18:26'),
(32, 'IT01- CCS102 - COMPUTER PROGRAMMING 1 q1', 'IT01- CCS102 - COMPUTER PROGRAMMING 1 q1', 7, 90, 1, 2, 1, 6, '_i1uj35ion', '2019-06-30 11:03:18', '2019-06-30 11:03:18'),
(33, 'IT01 - IT01- CCS102 - COMPUTER PROGRAMMING 1 q2', 'IT01 - IT01- CCS102 - COMPUTER PROGRAMMING 1 q2', 7, 90, 1, 2, 1, 6, '_d48x3ei97', '2019-06-30 11:03:47', '2019-06-30 11:03:47'),
(34, 'IT01 - IT01- CCS102 - COMPUTER PROGRAMMING 1 q3', 'IT01 - IT01- CCS102 - COMPUTER PROGRAMMING 1 q3', 7, 90, 1, 2, 1, 6, '_nlm86pl9w', '2019-06-30 11:04:26', '2019-06-30 11:04:26'),
(35, 'IT01 - IT01- CCS102 - COMPUTER PROGRAMMING 1 q4', 'IT01 - IT01- CCS102 - COMPUTER PROGRAMMING 1 q4', 7, 90, 1, 2, 1, 6, '_lv896oxqq', '2019-06-30 11:04:48', '2019-06-30 11:04:48'),
(36, 'IT01 - IT01- CCS102 - COMPUTER PROGRAMMING 1 q5', 'IT01- CCS102 - COMPUTER PROGRAMMING 1 q5', 7, 90, 1, 2, 1, 6, '_86fqbcjua', '2019-06-30 11:05:32', '2019-06-30 11:05:32'),
(37, 'IT01- CCS102 - COMPUTER PROGRAMMING 1 q6', 'IT01- CCS102 - COMPUTER PROGRAMMING 1 q6', 7, 90, 1, 2, 1, 6, '_k1o2n8p2y', '2019-06-30 11:06:00', '2019-06-30 11:06:00'),
(38, 'IT01- CCS102 - COMPUTER PROGRAMMING 1 q7', 'IT01- CCS102 - COMPUTER PROGRAMMING 1 q7', 7, 90, 1, 2, 1, 6, '_hlcekev22', '2019-06-30 11:06:30', '2019-06-30 11:06:30'),
(39, 'IT01- CCS102 - COMPUTER PROGRAMMING 1 q8', 'IT01- CCS102 - COMPUTER PROGRAMMING 1 q8', 7, 90, 1, 2, 1, 6, '_0ewi8g8o5', '2019-06-30 11:06:53', '2019-06-30 11:06:53'),
(40, 'IT01- CCS102 - COMPUTER PROGRAMMING 1 q9', 'IT01- CCS102 - COMPUTER PROGRAMMING 1 q9', 7, 90, 1, 2, 1, 6, '_d9a0yoz4s', '2019-06-30 11:07:13', '2019-06-30 11:07:13'),
(41, 'IT01- CCS102 - COMPUTER PROGRAMMING 1 q10', 'IT01- CCS102 - COMPUTER PROGRAMMING 1 q10', 7, 90, 1, 2, 1, 6, '_bh9dfhmj0', '2019-06-30 11:07:48', '2019-06-30 11:07:48'),
(42, 'IT01- CCS102 - COMPUTER PROGRAMMING 1 q11', 'IT01- CCS102 - COMPUTER PROGRAMMING 1 q11', 7, 90, 2, 2, 1, 6, '_i3nqz9r45', '2019-06-30 11:08:07', '2019-06-30 11:08:07'),
(43, 'IT01- CCS102 - COMPUTER PROGRAMMING 1 q12', 'IT01- CCS102 - COMPUTER PROGRAMMING 1 q12', 7, 90, 2, 2, 1, 6, '_68vtzhzlp', '2019-06-30 11:08:25', '2019-06-30 11:08:25'),
(44, 'IT01- CCS102 - COMPUTER PROGRAMMING 1 q13', 'IT01- CCS102 - COMPUTER PROGRAMMING 1 q13', 7, 90, 2, 2, 1, 6, '_wadnc8vpz', '2019-06-30 11:08:47', '2019-06-30 11:08:47'),
(45, 'IT01- CCS102 - COMPUTER PROGRAMMING 1 q14', 'IT01- CCS102 - COMPUTER PROGRAMMING 1 q14', 7, 90, 2, 2, 1, 6, '_ytobg7a87', '2019-06-30 11:09:04', '2019-06-30 11:09:04'),
(46, 'IT01- CCS102 - COMPUTER PROGRAMMING 1 q15', 'IT01- CCS102 - COMPUTER PROGRAMMING 1 q15', 7, 90, 2, 2, 1, 6, '_zc2dk1pji', '2019-06-30 11:09:21', '2019-06-30 11:09:21'),
(47, 'IT01- CCS102 - COMPUTER PROGRAMMING 1 q16', 'IT01- CCS102 - COMPUTER PROGRAMMING 1 q16', 7, 90, 2, 2, 1, 6, '_r3c3u5jd7', '2019-06-30 11:09:40', '2019-06-30 11:09:40'),
(48, 'IT01- CCS102 - COMPUTER PROGRAMMING 1 q17', 'IT01- CCS102 - COMPUTER PROGRAMMING 1 q17', 7, 90, 2, 2, 1, 6, '_4j5cy38pg', '2019-06-30 11:10:02', '2019-06-30 11:10:02'),
(49, 'IT01- CCS102 - COMPUTER PROGRAMMING 1 18', 'IT01- CCS102 - COMPUTER PROGRAMMING 1 18', 7, 90, 2, 2, 1, 6, '_nhva160x2', '2019-06-30 11:10:33', '2019-06-30 11:10:33'),
(50, 'IT01- CCS102 - COMPUTER PROGRAMMING 1 19', 'IT01- CCS102 - COMPUTER PROGRAMMING 1 19', 7, 90, 2, 2, 1, 6, '_57slbhiam', '2019-06-30 11:10:57', '2019-06-30 11:10:57'),
(51, 'IT01- CCS102 - COMPUTER PROGRAMMING 1 20', 'IT01- CCS102 - COMPUTER PROGRAMMING 1 20', 7, 90, 2, 2, 1, 6, '_b133khdbg', '2019-06-30 11:11:23', '2019-06-30 11:11:23'),
(52, 'TEST IT01- CCS102 - COMPUTER PROGRAMMING 1 21', 'TEST IT01- CCS102 - COMPUTER PROGRAMMING 1 21', 7, 90, 3, 2, 1, 6, '_hkq4xkevp', '2019-06-30 11:12:02', '2019-06-30 11:12:02'),
(53, 'TEST IT01- CCS102 - COMPUTER PROGRAMMING 1 22', 'TEST IT01- CCS102 - COMPUTER PROGRAMMING 1 22', 7, 90, 3, 2, 1, 6, '_3f21keg22', '2019-06-30 11:12:25', '2019-06-30 11:12:25'),
(54, 'TEST IT01- CCS102 - COMPUTER PROGRAMMING 1 23', 'TEST IT01- CCS102 - COMPUTER PROGRAMMING 1 23', 7, 90, 3, 2, 1, 6, '_ni9zfh0qx', '2019-06-30 11:12:44', '2019-06-30 11:12:44'),
(55, 'TEST IT01- CCS102 - COMPUTER PROGRAMMING 1 24', 'TEST IT01- CCS102 - COMPUTER PROGRAMMING 1 24', 7, 90, 3, 2, 1, 6, '_zbaxiggdb', '2019-06-30 11:13:09', '2019-06-30 11:13:09'),
(56, 'TEST IT01- CCS102 - COMPUTER PROGRAMMING 1 25', 'TEST IT01- CCS102 - COMPUTER PROGRAMMING 1 25', 7, 90, 3, 2, 1, 6, '_n67d76ld3', '2019-06-30 11:13:26', '2019-06-30 11:13:26'),
(57, 'TEST IT01- CCS102 - COMPUTER PROGRAMMING 1 26', 'TEST IT01- CCS102 - COMPUTER PROGRAMMING 1 26', 7, 90, 3, 2, 1, 6, '_gmzsnaoz0', '2019-06-30 11:13:44', '2019-06-30 11:13:44'),
(58, 'TEST IT01- CCS102 - COMPUTER PROGRAMMING 1 27', 'TEST IT01- CCS102 - COMPUTER PROGRAMMING 1 27', 7, 90, 3, 2, 1, 6, '_45lqncqd0', '2019-06-30 11:14:01', '2019-06-30 11:14:01'),
(59, 'TEST IT01- CCS102 - COMPUTER PROGRAMMING 1 28', 'TEST IT01- CCS102 - COMPUTER PROGRAMMING 1 28', 7, 90, 3, 2, 1, 6, '_h4j12raef', '2019-06-30 11:14:19', '2019-06-30 11:14:19'),
(60, 'TEST IT01- CCS102 - COMPUTER PROGRAMMING 1 29', 'TEST IT01- CCS102 - COMPUTER PROGRAMMING 1 29', 7, 90, 3, 2, 1, 6, '_06709hb1j', '2019-06-30 11:14:39', '2019-06-30 11:14:39'),
(61, 'TEST IT01- CCS102 - COMPUTER PROGRAMMING 1 30', 'TEST IT01- CCS102 - COMPUTER PROGRAMMING 1 30', 7, 90, 3, 2, 1, 6, '_dus7hb8em', '2019-06-30 11:14:59', '2019-06-30 11:14:59'),
(62, 'Speed and velocity', 'A car travels from point A to B in 3 hours and returns back to point A in 5 hours. Points A and B are 150 miles apart along a straight highway. Which of the following statements most accurately describes the motion of the car?', 7, 89, 1, 2, 1, 6, '_3ysjloma2', '2019-06-30 17:48:38', '2019-07-02 02:38:39'),
(63, 'Angled launch projectile vectors', 'A ball is kicked at an angle with negligible air resistance as seen below.\n\n [[#img20]]\n\nHow is the total speed changing at point P?', 7, 89, 1, 2, 1, 6, '_exir5sfe1', '2019-06-30 17:49:06', '2019-07-02 02:44:42'),
(64, 'Testing code', 'What is the output of the following code?\n[[#code15]]', 7, 89, 1, 2, 1, 6, '_tmhqbyq4r', '2019-06-30 17:49:30', '2019-07-02 03:08:23'),
(65, 'Comparing projectile trajectories 1', 'Mathis kicked a ball on a level surface at 60° and 30° with the same total speed as shown below.\n\n [[#img21]] \n\nWhich launch angle results in the greater maximum height for the ball?', 7, 89, 1, 2, 1, 6, '_syswp5cp3', '2019-06-30 17:49:49', '2019-07-02 02:49:56'),
(66, 'Binary to decimal conversion 1', 'Convert 10100011 from binary to decimal.', 7, 89, 1, 2, 1, 6, '_1ige5114a', '2019-06-30 17:50:07', '2019-07-02 02:40:45'),
(67, 'IT01 - CCS101 - INTRODUCTION TO COMPUTING q6', 'IT01 - CCS101 - INTRODUCTION TO COMPUTING q6', 7, 89, 1, 2, 1, 6, '_abstuwsi1', '2019-06-30 17:50:23', '2019-06-30 17:50:23'),
(68, 'Describing two-dimensional motion with vectors', 'A golfer hits a golf ball upwards at an angle of 75°, degree with the horizontal. We can ignore air resistance.\n\n[[#img22]]\n\nWhich graph best describes the golf ball\'s vertical displacement over time?\n\nAssume the origin of the coordinate system to be the point on the ground where the ball was initially at rest.', 7, 89, 1, 2, 1, 6, '_1m6y209q4', '2019-06-30 17:50:47', '2019-07-02 02:57:52'),
(69, 'Testing math', 'Evaluate this function\n[[#math22]]\n[[#math23]]', 7, 89, 1, 2, 1, 6, '_25cwy4ert', '2019-06-30 17:51:07', '2019-07-02 03:12:41'),
(70, 'Projectile motion 2', 'An adventurous cliff jumper runs horizontally off a cliff. We can ignore air resistance.\n\n[[#img27]]\n\nWhich diagram best describes the horizontal velocity vectors and trajectory during the person’s fall?\n\nAssume the origin of the coordinate system to be the cliff edge.\n\nA red dot represents a vector of zero magnitude.', 7, 89, 1, 2, 1, 6, '_6781uclej', '2019-06-30 17:51:24', '2019-07-02 03:04:10'),
(71, 'IT01 - CCS101 - INTRODUCTION TO COMPUTING q10', 'IT01 - CCS101 - INTRODUCTION TO COMPUTING q10', 7, 89, 1, 2, 1, 6, '_zvx4m4hpg', '2019-06-30 17:51:41', '2019-06-30 17:51:41'),
(72, 'IT01 - CCS101 - INTRODUCTION TO COMPUTING q11', 'IT01 - CCS101 - INTRODUCTION TO COMPUTING q11', 7, 89, 2, 2, 1, 6, '_okfmaohh5', '2019-06-30 17:52:02', '2019-06-30 17:52:02'),
(73, 'IT01 - CCS101 - INTRODUCTION TO COMPUTING q12', 'IT01 - CCS101 - INTRODUCTION TO COMPUTING q12', 7, 89, 2, 2, 1, 6, '_m3xy590tc', '2019-06-30 17:52:19', '2019-06-30 17:52:19'),
(74, 'IT01 - CCS101 - INTRODUCTION TO COMPUTING q13', 'IT01 - CCS101 - INTRODUCTION TO COMPUTING q13', 7, 89, 2, 2, 1, 6, '_am0sioyr6', '2019-06-30 17:52:42', '2019-06-30 17:52:42'),
(75, 'IT01 - CCS101 - INTRODUCTION TO COMPUTING q14', 'IT01 - CCS101 - INTRODUCTION TO COMPUTING q14', 7, 89, 2, 2, 1, 6, '_rd5djwlrr', '2019-06-30 17:53:02', '2019-06-30 17:53:02'),
(76, 'IT01 - CCS101 - INTRODUCTION TO COMPUTING q15', 'IT01 - CCS101 - INTRODUCTION TO COMPUTING q15', 7, 89, 2, 2, 1, 6, '_clvcsap6w', '2019-06-30 17:53:23', '2019-06-30 17:53:23'),
(77, 'IT01 - CCS101 - INTRODUCTION TO COMPUTING q16', 'IT01 - CCS101 - INTRODUCTION TO COMPUTING q16', 7, 89, 2, 2, 1, 6, '_cvn7gcguj', '2019-06-30 17:53:48', '2019-06-30 17:53:48'),
(78, 'IT01 - CCS101 - INTRODUCTION TO COMPUTING q17', 'IT01 - CCS101 - INTRODUCTION TO COMPUTING q17', 7, 89, 2, 2, 1, 6, '_heime0m5n', '2019-06-30 17:54:10', '2019-06-30 17:54:10'),
(79, 'IT01 - CCS101 - INTRODUCTION TO COMPUTING q18', 'IT01 - CCS101 - INTRODUCTION TO COMPUTING q18', 7, 89, 2, 2, 1, 6, '_ver7azzkb', '2019-06-30 17:54:30', '2019-06-30 17:54:30'),
(80, 'IT01 - CCS101 - INTRODUCTION TO COMPUTING q19', 'IT01 - CCS101 - INTRODUCTION TO COMPUTING q19', 7, 89, 2, 2, 1, 6, '_4jjyq8x95', '2019-06-30 17:54:47', '2019-06-30 17:54:47'),
(81, 'IT01 - CCS101 - INTRODUCTION TO COMPUTING q20', 'IT01 - CCS101 - INTRODUCTION TO COMPUTING q20', 7, 89, 2, 2, 1, 6, '_yq4i5kyfi', '2019-06-30 17:55:06', '2019-06-30 17:55:06'),
(82, 'IT01 - CCS101 - INTRODUCTION TO COMPUTING q21', 'IT01 - CCS101 - INTRODUCTION TO COMPUTING q21', 7, 89, 3, 2, 1, 6, '_pm29f9zug', '2019-06-30 17:55:35', '2019-06-30 17:55:35'),
(83, 'IT01 - CCS101 - INTRODUCTION TO COMPUTING q22', 'IT01 - CCS101 - INTRODUCTION TO COMPUTING q22', 7, 89, 3, 2, 1, 6, '_pkzix6x6d', '2019-06-30 17:55:55', '2019-06-30 17:55:55'),
(84, 'IT01 - CCS101 - INTRODUCTION TO COMPUTING q23', 'IT01 - CCS101 - INTRODUCTION TO COMPUTING q23', 7, 89, 3, 2, 1, 6, '_akxwv31yd', '2019-06-30 17:56:12', '2019-06-30 17:56:12'),
(85, 'IT01 - CCS101 - INTRODUCTION TO COMPUTING q24', 'IT01 - CCS101 - INTRODUCTION TO COMPUTING q24', 7, 89, 3, 2, 1, 6, '_rnm4u5tbv', '2019-06-30 17:56:36', '2019-06-30 17:56:36'),
(86, 'IT01 - CCS101 - INTRODUCTION TO COMPUTING q25', 'IT01 - CCS101 - INTRODUCTION TO COMPUTING q25', 7, 89, 3, 2, 1, 6, '_c7om3i75o', '2019-06-30 17:56:58', '2019-06-30 17:56:58'),
(87, 'IT01 - CCS101 - INTRODUCTION TO COMPUTING q26', 'IT01 - CCS101 - INTRODUCTION TO COMPUTING q26', 7, 89, 3, 2, 1, 6, '_vx2cqu9t1', '2019-06-30 17:57:17', '2019-06-30 17:57:17'),
(88, 'IT01 - CCS101 - INTRODUCTION TO COMPUTING q27', 'IT01 - CCS101 - INTRODUCTION TO COMPUTING q27', 7, 89, 3, 2, 1, 6, '_l90j6ij3s', '2019-06-30 17:57:34', '2019-06-30 17:57:34'),
(89, 'IT01 - CCS101 - INTRODUCTION TO COMPUTING q28', 'IT01 - CCS101 - INTRODUCTION TO COMPUTING q28', 7, 89, 3, 2, 1, 6, '_e9u8s715d', '2019-06-30 17:57:52', '2019-06-30 17:57:52'),
(90, 'IT01 - CCS101 - INTRODUCTION TO COMPUTING q29', 'IT01 - CCS101 - INTRODUCTION TO COMPUTING q29', 7, 89, 3, 2, 1, 6, '_t9j5dmtu4', '2019-06-30 17:58:12', '2019-06-30 17:58:12'),
(91, 'IT01 - CCS101 - INTRODUCTION TO COMPUTING q30', 'IT01 - CCS101 - INTRODUCTION TO COMPUTING q30', 7, 89, 3, 2, 1, 6, '_4f2brsuzk', '2019-06-30 17:58:35', '2019-06-30 17:58:35'),
(92, 'IT01 - MAT101 - MATHEMATICS IN THE MODERN WORLD q1', 'IT01 - MAT101 - MATHEMATICS IN THE MODERN WORLD q1', 7, 92, 1, 2, 1, 6, '_pssq4h7gu', '2019-06-30 17:59:38', '2019-06-30 18:00:27'),
(93, 'IT01 - MAT101 - MATHEMATICS IN THE MODERN WORLD q2', 'IT01 - MAT101 - MATHEMATICS IN THE MODERN WORLD q2', 7, 92, 1, 2, 1, 6, '_eui4zpjyu', '2019-06-30 18:00:00', '2019-06-30 18:00:10'),
(94, 'IT01 - MAT101 - MATHEMATICS IN THE MODERN WORLD q3', 'IT01 - MAT101 - MATHEMATICS IN THE MODERN WORLD q3', 7, 92, 1, 2, 1, 6, '_tzwzg7sj6', '2019-06-30 18:01:01', '2019-06-30 18:01:01'),
(95, 'IT01 - MAT101 - MATHEMATICS IN THE MODERN WORLD q4', 'IT01 - MAT101 - MATHEMATICS IN THE MODERN WORLD q4', 7, 92, 1, 2, 1, 6, '_ccv7guy3t', '2019-06-30 18:01:19', '2019-06-30 18:01:19'),
(96, 'IT01 - MAT101 - MATHEMATICS IN THE MODERN WORLD q5', 'IT01 - MAT101 - MATHEMATICS IN THE MODERN WORLD q5', 7, 92, 1, 2, 1, 6, '_j04g10gkq', '2019-06-30 18:01:38', '2019-06-30 18:01:38'),
(97, 'IT01 - MAT101 - MATHEMATICS IN THE MODERN WORLD q6', 'IT01 - MAT101 - MATHEMATICS IN THE MODERN WORLD q6', 7, 92, 1, 2, 1, 6, '_7yfx4d7en', '2019-06-30 18:02:04', '2019-06-30 18:02:04'),
(98, 'IT01 - MAT101 - MATHEMATICS IN THE MODERN WORLD q7', 'IT01 - MAT101 - MATHEMATICS IN THE MODERN WORLD q7', 7, 92, 1, 2, 1, 6, '_ttyozgokl', '2019-06-30 18:02:21', '2019-06-30 18:02:21'),
(99, 'IT01 - MAT101 - MATHEMATICS IN THE MODERN WORLD q8', 'IT01 - MAT101 - MATHEMATICS IN THE MODERN WORLD q8', 7, 92, 1, 2, 1, 6, '_4e3wxb7ht', '2019-06-30 18:02:38', '2019-06-30 18:02:38'),
(100, 'IT01 - MAT101 - MATHEMATICS IN THE MODERN WORLD q9', 'IT01 - MAT101 - MATHEMATICS IN THE MODERN WORLD q9', 7, 92, 1, 2, 1, 6, '_pksjfi4db', '2019-06-30 18:02:56', '2019-06-30 18:02:56'),
(101, 'IT01 - MAT101 - MATHEMATICS IN THE MODERN WORLD q10', 'IT01 - MAT101 - MATHEMATICS IN THE MODERN WORLD q10', 7, 92, 1, 2, 1, 6, '_uberjqh9v', '2019-06-30 18:03:13', '2019-06-30 18:03:13'),
(102, 'IT01 - MAT101 - MATHEMATICS IN THE MODERN WORLD q11', 'IT01 - MAT101 - MATHEMATICS IN THE MODERN WORLD q11', 7, 92, 2, 2, 1, 6, '_hyoh851wi', '2019-06-30 18:03:30', '2019-06-30 18:04:04'),
(103, 'IT01 - MAT101 - MATHEMATICS IN THE MODERN WORLD q12', 'IT01 - MAT101 - MATHEMATICS IN THE MODERN WORLD q12', 7, 92, 2, 2, 1, 6, '_trd4wqy43', '2019-06-30 18:03:52', '2019-06-30 18:03:52'),
(104, 'IT01 - MAT101 - MATHEMATICS IN THE MODERN WORLD q13', 'IT01 - MAT101 - MATHEMATICS IN THE MODERN WORLD q13', 7, 92, 2, 2, 1, 6, '_nbpor404c', '2019-06-30 18:04:22', '2019-06-30 18:04:22'),
(105, 'IT01 - MAT101 - MATHEMATICS IN THE MODERN WORLD q14', 'IT01 - MAT101 - MATHEMATICS IN THE MODERN WORLD q14', 7, 92, 2, 2, 1, 6, '_pi0cee2fq', '2019-06-30 18:04:41', '2019-06-30 18:04:41'),
(106, 'IT01 - MAT101 - MATHEMATICS IN THE MODERN WORLD q15', 'IT01 - MAT101 - MATHEMATICS IN THE MODERN WORLD q15', 7, 92, 2, 2, 1, 6, '_cwd58ejnj', '2019-06-30 18:05:01', '2019-06-30 18:05:01'),
(107, 'IT01 - MAT101 - MATHEMATICS IN THE MODERN WORLD q16', 'IT01 - MAT101 - MATHEMATICS IN THE MODERN WORLD q16', 7, 92, 2, 2, 1, 6, '_auoa083q5', '2019-06-30 18:05:18', '2019-06-30 18:05:18'),
(108, 'IT01 - MAT101 - MATHEMATICS IN THE MODERN WORLD q17', 'IT01 - MAT101 - MATHEMATICS IN THE MODERN WORLD q17', 7, 92, 2, 2, 1, 6, '_agyrsk3pq', '2019-06-30 18:05:39', '2019-06-30 18:05:39'),
(109, 'IT01 - MAT101 - MATHEMATICS IN THE MODERN WORLD q18', 'IT01 - MAT101 - MATHEMATICS IN THE MODERN WORLD q18', 7, 92, 2, 2, 1, 6, '_3h4hz73o3', '2019-06-30 18:06:00', '2019-06-30 18:06:00'),
(110, 'IT01 - MAT101 - MATHEMATICS IN THE MODERN WORLD q19', 'IT01 - MAT101 - MATHEMATICS IN THE MODERN WORLD q19', 7, 92, 2, 2, 1, 6, '_s70zjs2c6', '2019-06-30 18:06:18', '2019-06-30 18:06:18'),
(111, 'IT01 - MAT101 - MATHEMATICS IN THE MODERN WORLD q20', 'IT01 - MAT101 - MATHEMATICS IN THE MODERN WORLD q20', 7, 92, 2, 2, 1, 6, '_55dgxo2he', '2019-06-30 18:06:39', '2019-06-30 18:06:39'),
(112, 'IT01 - MAT101 - MATHEMATICS IN THE MODERN WORLD q21', 'IT01 - MAT101 - MATHEMATICS IN THE MODERN WORLD q21', 7, 92, 3, 2, 1, 6, '_br7al12qg', '2019-06-30 18:07:28', '2019-06-30 18:07:28'),
(113, 'IT01 - MAT101 - MATHEMATICS IN THE MODERN WORLD q22', 'IT01 - MAT101 - MATHEMATICS IN THE MODERN WORLD q22', 7, 92, 3, 2, 1, 6, '_6cgmc8q1p', '2019-06-30 18:07:46', '2019-06-30 18:07:46'),
(114, 'IT01 - MAT101 - MATHEMATICS IN THE MODERN WORLD q23', 'IT01 - MAT101 - MATHEMATICS IN THE MODERN WORLD q23', 7, 92, 3, 2, 1, 6, '_yl8l5yfiz', '2019-06-30 18:08:04', '2019-06-30 18:08:04'),
(115, 'IT01 - MAT101 - MATHEMATICS IN THE MODERN WORLD q25', 'IT01 - MAT101 - MATHEMATICS IN THE MODERN WORLD q25', 7, 92, 3, 2, 1, 6, '_ft8djpmml', '2019-06-30 18:08:29', '2019-06-30 18:08:29'),
(116, 'IT01 - MAT101 - MATHEMATICS IN THE MODERN WORLD q24', 'IT01 - MAT101 - MATHEMATICS IN THE MODERN WORLD q24', 7, 92, 3, 2, 1, 6, '_t0xy92wg1', '2019-06-30 18:08:50', '2019-06-30 18:08:50'),
(117, 'IT01 - MAT101 - MATHEMATICS IN THE MODERN WORLD q26', 'IT01 - MAT101 - MATHEMATICS IN THE MODERN WORLD q26', 7, 92, 3, 2, 1, 6, '_bfuh87an4', '2019-06-30 18:09:08', '2019-06-30 18:09:08'),
(118, 'IT01 - MAT101 - MATHEMATICS IN THE MODERN WORLD q27', 'IT01 - MAT101 - MATHEMATICS IN THE MODERN WORLD q27', 7, 92, 3, 2, 1, 6, '_v0n4vq3wm', '2019-06-30 18:09:27', '2019-06-30 18:09:27'),
(119, 'IT01 - CCS103 - COMPUTER PROGRAMMING 2 q1', 'IT01 - CCS103 - COMPUTER PROGRAMMING 2 q1', 7, 95, 1, 2, 1, 6, '_farja33id', '2019-06-30 18:10:06', '2019-06-30 18:10:06'),
(120, 'IT01 - CCS103 - COMPUTER PROGRAMMING 2 q2', 'IT01 - CCS103 - COMPUTER PROGRAMMING 2 q2', 7, 95, 1, 2, 1, 6, '_ral4xx17g', '2019-06-30 18:10:22', '2019-06-30 18:10:22'),
(121, 'IT01 - CCS103 - COMPUTER PROGRAMMING 2 q3', 'IT01 - CCS103 - COMPUTER PROGRAMMING 2 q3', 7, 95, 1, 2, 1, 6, '_61pfq5vy9', '2019-06-30 18:10:41', '2019-06-30 18:10:41'),
(122, 'IT01 - CCS103 - COMPUTER PROGRAMMING 2 q4', 'IT01 - CCS103 - COMPUTER PROGRAMMING 2 q4', 7, 95, 1, 2, 1, 6, '_se7t1r881', '2019-06-30 18:11:03', '2019-06-30 18:11:03'),
(123, 'IT01 - CCS103 - COMPUTER PROGRAMMING 2 q5', 'IT01 - CCS103 - COMPUTER PROGRAMMING 2 q5', 7, 95, 1, 2, 1, 6, '_fsm0a4fja', '2019-06-30 18:11:22', '2019-06-30 18:11:22'),
(124, 'IT01 - CCS103 - COMPUTER PROGRAMMING 2 q6', 'IT01 - CCS103 - COMPUTER PROGRAMMING 2 q6', 7, 95, 1, 2, 1, 6, '_x704j0dli', '2019-06-30 18:11:37', '2019-06-30 18:11:37'),
(125, 'IT01 - CCS103 - COMPUTER PROGRAMMING 2 q7', 'IT01 - CCS103 - COMPUTER PROGRAMMING 2 q7', 7, 95, 1, 2, 1, 6, '_vdhrl7iwh', '2019-06-30 18:11:59', '2019-06-30 18:11:59'),
(126, 'IT01 - CCS103 - COMPUTER PROGRAMMING 2 q8', 'IT01 - CCS103 - COMPUTER PROGRAMMING 2 q8', 7, 95, 1, 2, 1, 6, '_mgjy14ngi', '2019-06-30 18:12:17', '2019-06-30 18:12:17'),
(127, 'IT01 - CCS103 - COMPUTER PROGRAMMING 2 q9', 'IT01 - CCS103 - COMPUTER PROGRAMMING 2 q9', 7, 95, 2, 2, 1, 6, '_w10kqc4cd', '2019-06-30 18:12:52', '2019-06-30 18:12:52'),
(128, 'IT01 - CCS103 - COMPUTER PROGRAMMING 2 q10', 'IT01 - CCS103 - COMPUTER PROGRAMMING 2 q10', 7, 95, 2, 2, 1, 6, '_9f8jxj9p2', '2019-06-30 18:13:14', '2019-06-30 18:13:14'),
(129, 'IT01 - CCS103 - COMPUTER PROGRAMMING 2 q11', 'IT01 - CCS103 - COMPUTER PROGRAMMING 2 q11', 7, 95, 2, 2, 1, 6, '_sj41z3op9', '2019-06-30 18:13:31', '2019-06-30 18:13:31'),
(130, 'IT01 - CCS103 - COMPUTER PROGRAMMING 2 q12', 'IT01 - CCS103 - COMPUTER PROGRAMMING 2 q12', 7, 95, 2, 2, 1, 6, '_ns0v2fwx2', '2019-06-30 18:13:48', '2019-06-30 18:13:48'),
(131, 'IT01 - CCS103 - COMPUTER PROGRAMMING 2 q13', 'IT01 - CCS103 - COMPUTER PROGRAMMING 2 q13', 7, 95, 2, 2, 1, 6, '_qn2yfgvzj', '2019-06-30 18:14:08', '2019-06-30 18:14:08'),
(132, 'IT01 - CCS103 - COMPUTER PROGRAMMING 2 q14', 'IT01 - CCS103 - COMPUTER PROGRAMMING 2 q14', 7, 95, 3, 2, 1, 6, '_adqe3l9ct', '2019-06-30 18:14:31', '2019-06-30 18:14:31'),
(133, 'IT01 - CCS103 - COMPUTER PROGRAMMING 2 q15', 'IT01 - CCS103 - COMPUTER PROGRAMMING 2 q15', 7, 95, 2, 2, 1, 6, '_gd62r4oda', '2019-06-30 18:14:55', '2019-06-30 18:14:55'),
(134, 'IT01 - CCS103 - COMPUTER PROGRAMMING 2 q16', 'IT01 - CCS103 - COMPUTER PROGRAMMING 2 q16', 7, 95, 2, 2, 1, 6, '_i5hrw546r', '2019-06-30 18:15:12', '2019-06-30 18:15:12'),
(135, 'IT01 - CCS103 - COMPUTER PROGRAMMING 2 q17', 'IT01 - CCS103 - COMPUTER PROGRAMMING 2 q17', 7, 95, 3, 2, 1, 6, '_ce0rh0o6a', '2019-06-30 18:15:31', '2019-06-30 18:15:31'),
(136, 'IT01 - CCS103 - COMPUTER PROGRAMMING 2 q18', 'IT01 - CCS103 - COMPUTER PROGRAMMING 2 q18', 7, 95, 3, 2, 1, 6, '_2rkiocnsb', '2019-06-30 18:15:48', '2019-06-30 18:15:48'),
(137, 'IT01 - CCS103 - COMPUTER PROGRAMMING 2 q19', 'IT01 - CCS103 - COMPUTER PROGRAMMING 2 q19', 7, 95, 3, 2, 1, 6, '_4bdzw81h6', '2019-06-30 18:16:04', '2019-06-30 18:16:04'),
(138, 'IT01 - CCS103 - COMPUTER PROGRAMMING 2 q20', 'IT01 - CCS103 - COMPUTER PROGRAMMING 2 q20', 7, 95, 3, 2, 1, 6, '_73oknu4o0', '2019-06-30 18:16:27', '2019-06-30 18:16:27'),
(139, 'IT01 - CCS103 - COMPUTER PROGRAMMING 2 q21', 'IT01 - CCS103 - COMPUTER PROGRAMMING 2 q21', 7, 95, 3, 2, 1, 6, '_3ra9ezufk', '2019-06-30 18:16:43', '2019-06-30 18:16:43'),
(140, 'IT01 - CCS103 - COMPUTER PROGRAMMING 2 q22', 'IT01 - CCS103 - COMPUTER PROGRAMMING 2 q22', 7, 95, 3, 2, 1, 6, '_zrkdrhumk', '2019-06-30 18:17:01', '2019-06-30 18:17:01'),
(141, 'IT01 - CCS104 - DISCRETE STRUCTURES 1 q1', 'IT01 - CCS104 - DISCRETE STRUCTURES 1 q1', 7, 96, 1, 2, 1, 6, '_lagofy1or', '2019-06-30 18:17:59', '2019-06-30 18:17:59'),
(142, 'IT01 - CCS104 - DISCRETE STRUCTURES 1 q2', 'IT01 - CCS104 - DISCRETE STRUCTURES 1 q2', 7, 96, 1, 2, 1, 6, '_8u545fdky', '2019-06-30 18:18:20', '2019-06-30 18:18:20'),
(143, 'IT01 - CCS104 - DISCRETE STRUCTURES 1 q3', 'IT01 - CCS104 - DISCRETE STRUCTURES 1 q3', 7, 96, 1, 2, 1, 6, '_933gjcstg', '2019-06-30 18:18:42', '2019-06-30 18:18:42'),
(144, 'IT01 - CCS104 - DISCRETE STRUCTURES 1 q4', 'IT01 - CCS104 - DISCRETE STRUCTURES 1 q4', 7, 96, 1, 2, 1, 6, '_ndkrt0g1h', '2019-06-30 18:18:59', '2019-06-30 18:18:59'),
(145, 'IT01 - CCS104 - DISCRETE STRUCTURES 1 q5', 'IT01 - CCS104 - DISCRETE STRUCTURES 1 q5', 7, 96, 1, 2, 1, 6, '_yf1vswyzs', '2019-06-30 18:19:20', '2019-06-30 18:19:20'),
(146, 'IT01 - CCS104 - DISCRETE STRUCTURES 1 q6', 'IT01 - CCS104 - DISCRETE STRUCTURES 1 q6', 7, 96, 1, 2, 1, 6, '_l3bxtvw2r', '2019-06-30 18:19:37', '2019-06-30 18:19:37'),
(147, 'IT01 - CCS104 - DISCRETE STRUCTURES 1 q7', 'IT01 - CCS104 - DISCRETE STRUCTURES 1 q7', 7, 96, 1, 2, 1, 6, '_uui83jbzg', '2019-06-30 18:19:55', '2019-06-30 18:19:55'),
(148, 'IT01 - CCS104 - DISCRETE STRUCTURES 1 q8', 'IT01 - CCS104 - DISCRETE STRUCTURES 1 q8', 7, 96, 1, 2, 1, 6, '_kx49665xy', '2019-06-30 18:20:10', '2019-06-30 18:20:10'),
(149, 'IT01 - CCS104 - DISCRETE STRUCTURES 1 q9', 'IT01 - CCS104 - DISCRETE STRUCTURES 1 q9', 7, 96, 1, 2, 1, 6, '_71okmwpoq', '2019-06-30 18:20:24', '2019-06-30 18:20:24'),
(150, 'IT01 - CCS104 - DISCRETE STRUCTURES 1 q10', 'IT01 - CCS104 - DISCRETE STRUCTURES 1 q10', 7, 96, 1, 2, 1, 6, '_kbsxadpve', '2019-06-30 18:20:41', '2019-06-30 18:20:41'),
(151, 'IT01 - CCS104 - DISCRETE STRUCTURES 1 q11', 'IT01 - CCS104 - DISCRETE STRUCTURES 1 q11', 7, 96, 2, 2, 1, 6, '_k8frjgfbl', '2019-06-30 18:21:01', '2019-06-30 18:21:01'),
(152, 'IT01 - CCS104 - DISCRETE STRUCTURES 1 q12', 'IT01 - CCS104 - DISCRETE STRUCTURES 1 q12', 7, 96, 2, 2, 1, 6, '_ks8vn2xs9', '2019-06-30 18:21:20', '2019-06-30 18:21:20'),
(153, 'IT01 - CCS104 - DISCRETE STRUCTURES 1 q13', 'IT01 - CCS104 - DISCRETE STRUCTURES 1 q13', 7, 96, 2, 2, 1, 6, '_ldlekp0u2', '2019-06-30 18:21:36', '2019-06-30 18:21:36'),
(154, 'IT01 - CCS104 - DISCRETE STRUCTURES 1 q14', 'IT01 - CCS104 - DISCRETE STRUCTURES 1 q14', 7, 96, 2, 2, 1, 6, '_24vc2fqh6', '2019-06-30 18:21:54', '2019-06-30 18:21:54'),
(155, 'IT01 - CCS104 - DISCRETE STRUCTURES 1 q15', 'IT01 - CCS104 - DISCRETE STRUCTURES 1 q15', 7, 96, 2, 2, 1, 6, '_cdwuo1oft', '2019-06-30 18:22:15', '2019-06-30 18:22:15'),
(156, 'IT01 - CCS104 - DISCRETE STRUCTURES 1 q16', 'IT01 - CCS104 - DISCRETE STRUCTURES 1 q16', 7, 96, 2, 2, 1, 6, '_r5xir1jyj', '2019-06-30 18:22:30', '2019-06-30 18:22:30'),
(157, 'IT01 - CCS104 - DISCRETE STRUCTURES 1 q17', 'IT01 - CCS104 - DISCRETE STRUCTURES 1 q17', 7, 96, 2, 2, 1, 6, '_qffyhgame', '2019-06-30 18:22:46', '2019-06-30 18:22:46'),
(158, 'IT01 - CCS104 - DISCRETE STRUCTURES 1 q18', 'IT01 - CCS104 - DISCRETE STRUCTURES 1 q18', 7, 96, 3, 2, 1, 6, '_evp9h8mvn', '2019-06-30 18:23:11', '2019-06-30 18:23:11'),
(159, 'IT01 - CCS104 - DISCRETE STRUCTURES 1 q19', 'IT01 - CCS104 - DISCRETE STRUCTURES 1 q19', 7, 96, 3, 2, 1, 6, '_ddc6bwsf3', '2019-06-30 18:23:30', '2019-06-30 18:23:30'),
(160, 'IT01 - CCS104 - DISCRETE STRUCTURES 1 q20', 'IT01 - CCS104 - DISCRETE STRUCTURES 1 q20', 7, 96, 3, 2, 1, 6, '_z3a9lj8aw', '2019-06-30 18:23:50', '2019-06-30 18:23:50'),
(161, 'IT01 - CCS104 - DISCRETE STRUCTURES 1 q21', 'IT01 - CCS104 - DISCRETE STRUCTURES 1 q21', 7, 96, 3, 2, 1, 6, '_aibi0q2py', '2019-06-30 18:24:14', '2019-06-30 18:24:14'),
(162, 'IT01 - CCS104 - DISCRETE STRUCTURES 1 q22', 'IT01 - CCS104 - DISCRETE STRUCTURES 1 q22', 7, 96, 3, 2, 1, 6, '_sb7de7pql', '2019-06-30 18:24:33', '2019-06-30 18:24:33'),
(163, 'IT01 - ITELECT1 - IT ELECTIVE 1 q1', 'IT01 - ITELECT1 - IT ELECTIVE 1 q1', 7, 107, 1, 2, 1, 6, '_66rnlmu6i', '2019-06-30 18:25:17', '2019-06-30 18:26:09'),
(164, 'IT01 - ITELECT1 - IT ELECTIVE 2 q2', 'IT01 - ITELECT1 - IT ELECTIVE 2 q2', 7, 107, 1, 2, 1, 6, '_kqelc3gd', '2019-06-30 18:25:39', '2019-06-30 18:26:30'),
(165, 'IT01 - ITELECT1 - IT ELECTIVE 2 q3', 'IT01 - ITELECT1 - IT ELECTIVE 2 q3', 7, 107, 1, 2, 1, 6, '_7fbnm089x', '2019-06-30 18:26:48', '2019-06-30 18:26:48'),
(166, 'IT01 - ITELECT1 - IT ELECTIVE 2 q4', 'IT01 - ITELECT1 - IT ELECTIVE 2 q4', 7, 107, 1, 2, 1, 6, '_lh8oea05c', '2019-06-30 18:27:06', '2019-06-30 18:28:29'),
(167, 'IT01 - ITELECT1 - IT ELECTIVE 2 q5', 'IT01 - ITELECT1 - IT ELECTIVE 2 q5', 7, 107, 1, 2, 1, 6, '_4f08c7ali', '2019-06-30 18:27:24', '2019-06-30 18:27:24'),
(168, 'IT01 - ITELECT1 - IT ELECTIVE 2 q6', 'IT01 - ITELECT1 - IT ELECTIVE 2 q6', 7, 107, 1, 2, 1, 6, '_l1s5zs3kg', '2019-06-30 18:27:41', '2019-06-30 18:27:41'),
(169, 'IT01 - ITELECT1 - IT ELECTIVE 2 q7', 'IT01 - ITELECT1 - IT ELECTIVE 2 q7', 7, 107, 1, 2, 1, 6, '_gccl1ujas', '2019-06-30 18:27:58', '2019-06-30 18:27:58'),
(170, 'IT01 - ITELECT1 - IT ELECTIVE 2 q8', 'IT01 - ITELECT1 - IT ELECTIVE 2 q8', 7, 107, 1, 2, 1, 6, '_inbe4wp88', '2019-06-30 18:28:17', '2019-06-30 18:28:17'),
(171, 'IT01 - ITELECT1 - IT ELECTIVE 2 q9', 'IT01 - ITELECT1 - IT ELECTIVE 2 q9', 7, 107, 1, 2, 1, 6, '_d067jdajp', '2019-06-30 18:28:56', '2019-06-30 18:28:56'),
(172, 'IT01 - ITELECT1 - IT ELECTIVE 2 q10', 'IT01 - ITELECT1 - IT ELECTIVE 2 q10', 7, 107, 2, 2, 1, 6, '_fvyqy2t79', '2019-06-30 18:29:13', '2019-06-30 18:29:13'),
(173, 'IT01 - ITELECT1 - IT ELECTIVE 2 q11', 'IT01 - ITELECT1 - IT ELECTIVE 2 q11', 7, 107, 2, 2, 1, 6, '_5rrn9xoht', '2019-06-30 18:29:27', '2019-06-30 18:29:27'),
(174, 'IT01 - ITELECT1 - IT ELECTIVE 2 q12', 'IT01 - ITELECT1 - IT ELECTIVE 2 q12', 7, 107, 2, 2, 1, 6, '_x0ysmup27', '2019-06-30 18:29:47', '2019-06-30 18:29:47'),
(175, 'IT01 - ITELECT1 - IT ELECTIVE 2 q13', 'IT01 - ITELECT1 - IT ELECTIVE 2 q13', 7, 107, 2, 2, 1, 6, '_7whtj4hs4', '2019-06-30 18:30:08', '2019-06-30 18:30:08'),
(176, 'IT01 - ITELECT1 - IT ELECTIVE 2 q14', 'IT01 - ITELECT1 - IT ELECTIVE 2 q14', 7, 107, 2, 2, 1, 6, '_c8p9ulx5a', '2019-06-30 18:30:24', '2019-06-30 18:30:24'),
(177, 'IT01 - ITELECT1 - IT ELECTIVE 2 q15', 'IT01 - ITELECT1 - IT ELECTIVE 2 q15', 7, 107, 2, 2, 1, 6, '_esv79tk3d', '2019-06-30 18:30:43', '2019-06-30 18:30:43'),
(178, 'IT01 - ITELECT1 - IT ELECTIVE 2 q16', 'IT01 - ITELECT1 - IT ELECTIVE 2 q16', 7, 107, 3, 2, 1, 6, '_gkej2jsx0', '2019-06-30 18:31:02', '2019-06-30 18:31:02'),
(179, 'IT01 - ITELECT1 - IT ELECTIVE 2 q17', 'IT01 - ITELECT1 - IT ELECTIVE 2 q17', 7, 107, 3, 2, 1, 6, '_8kjk98gk2', '2019-06-30 18:31:23', '2019-06-30 18:31:23'),
(180, 'IT01 - ITELECT1 - IT ELECTIVE 2 q18', 'IT01 - ITELECT1 - IT ELECTIVE 2 q18', 7, 107, 3, 2, 1, 6, '_qijxfwsg6', '2019-06-30 18:31:39', '2019-06-30 18:31:39'),
(181, 'IT01 - ITELECT1 - IT ELECTIVE 2 q19', 'IT01 - ITELECT1 - IT ELECTIVE 2 q19', 7, 107, 3, 2, 1, 6, '_8s878uugm', '2019-06-30 18:31:56', '2019-06-30 18:31:56'),
(182, 'IT01 - ITELECT1 - IT ELECTIVE 2 q20', 'IT01 - ITELECT1 - IT ELECTIVE 2 q20', 7, 107, 3, 2, 1, 6, '_kt9x5fbw2', '2019-06-30 18:32:16', '2019-06-30 18:32:16'),
(183, 'IT01 - ITELECT1 - IT ELECTIVE 2 q21', 'IT01 - ITELECT1 - IT ELECTIVE 2 q21', 7, 107, 3, 2, 1, 6, '_4mpz3oyeg', '2019-06-30 18:32:39', '2019-06-30 18:32:39'),
(184, 'IT01 - ITELECT2 - IT ELECTIVE 2 q1', 'IT01 - ITELECT2 - IT ELECTIVE 2 q1', 7, 112, 1, 2, 1, 6, '_bm3nzgwlw', '2019-06-30 18:33:18', '2019-06-30 18:33:18'),
(185, 'IT01 - ITELECT2 - IT ELECTIVE 2 q2', 'IT01 - ITELECT2 - IT ELECTIVE 2 q2', 7, 112, 1, 2, 1, 6, '_9yqcp1ihm', '2019-06-30 18:33:39', '2019-06-30 18:33:39'),
(186, 'IT01 - ITELECT2 - IT ELECTIVE 2 q3', 'IT01 - ITELECT2 - IT ELECTIVE 2 q3', 7, 112, 1, 2, 1, 6, '_a3xui114a', '2019-06-30 18:33:59', '2019-06-30 18:33:59'),
(187, 'IT01 - ITELECT2 - IT ELECTIVE 2 q4', 'IT01 - ITELECT2 - IT ELECTIVE 2 q4', 7, 112, 1, 2, 1, 6, '_2tfbueomg', '2019-06-30 18:34:15', '2019-06-30 18:34:15'),
(188, 'IT01 - ITELECT2 - IT ELECTIVE 2 q5', 'IT01 - ITELECT2 - IT ELECTIVE 2 q5', 7, 112, 1, 2, 1, 6, '_ihzgdgr5f', '2019-06-30 18:34:32', '2019-06-30 18:34:32'),
(189, 'IT01 - ITELECT2 - IT ELECTIVE 2 q6', 'IT01 - ITELECT2 - IT ELECTIVE 2 q6', 7, 112, 1, 2, 1, 6, '_gmh80f9nk', '2019-06-30 18:34:50', '2019-06-30 18:34:50'),
(190, 'IT01 - ITELECT2 - IT ELECTIVE 2 q7', 'IT01 - ITELECT2 - IT ELECTIVE 2 q7', 7, 112, 1, 2, 1, 6, '_v03pyxmit', '2019-06-30 18:35:04', '2019-06-30 18:35:04'),
(191, 'IT01 - ITELECT2 - IT ELECTIVE 2 q8', 'IT01 - ITELECT2 - IT ELECTIVE 2 q8', 7, 112, 2, 2, 1, 6, '_cg08g2c34', '2019-06-30 18:35:24', '2019-06-30 18:35:34'),
(192, 'IT01 - ITELECT2 - IT ELECTIVE 2 q9', 'IT01 - ITELECT2 - IT ELECTIVE 2 q9', 7, 112, 2, 2, 1, 6, '_f7baqrqp4', '2019-06-30 18:35:51', '2019-06-30 18:35:51'),
(193, 'IT01 - ITELECT2 - IT ELECTIVE 2 q10', 'IT01 - ITELECT2 - IT ELECTIVE 2 q10', 7, 112, 2, 2, 1, 6, '_27szch7jc', '2019-06-30 18:36:20', '2019-06-30 18:36:20'),
(194, 'IT01 - ITELECT2 - IT ELECTIVE 2 q11', 'IT01 - ITELECT2 - IT ELECTIVE 2 q11', 7, 112, 2, 2, 1, 6, '_8ppkxjhhi', '2019-06-30 18:36:37', '2019-06-30 18:36:37'),
(195, 'IT01 - ITELECT2 - IT ELECTIVE 2 q12', 'IT01 - ITELECT2 - IT ELECTIVE 2 q12', 7, 112, 2, 2, 1, 6, '_42fkgd8se', '2019-06-30 18:36:55', '2019-06-30 18:36:55'),
(196, 'IT01 - ITELECT2 - IT ELECTIVE 2 q13', 'IT01 - ITELECT2 - IT ELECTIVE 2 q13', 7, 112, 3, 2, 1, 6, '_fowo620q7', '2019-06-30 18:37:14', '2019-06-30 18:37:14'),
(197, 'IT01 - ITELECT2 - IT ELECTIVE 2 q14', 'IT01 - ITELECT2 - IT ELECTIVE 2 q14', 7, 112, 3, 2, 1, 6, '_58lrxhrr0', '2019-06-30 18:37:29', '2019-06-30 18:37:29'),
(198, 'IT01 - ITELECT2 - IT ELECTIVE 2 q15', 'IT01 - ITELECT2 - IT ELECTIVE 2 q15', 7, 112, 3, 2, 1, 6, '_852pqhquf', '2019-06-30 18:37:51', '2019-06-30 18:37:51'),
(199, 'IT01 - ITELECT2 - IT ELECTIVE 2 q16', 'IT01 - ITELECT2 - IT ELECTIVE 2 q16', 7, 112, 3, 2, 1, 6, '_goes2qlp2', '2019-06-30 18:38:07', '2019-06-30 18:38:07'),
(200, 'IT01 - ITELECT2 - IT ELECTIVE 2 q17', 'IT01 - ITELECT2 - IT ELECTIVE 2 q17', 7, 112, 3, 2, 1, 6, '_7fcktsjpk', '2019-06-30 18:38:28', '2019-06-30 18:38:28'),
(201, 'IT01 - ITP107 - MOBILE APPLICATION DEVELOPMENT q1', 'IT01 - ITP107 - MOBILE APPLICATION DEVELOPMENT q1', 7, 125, 1, 2, 1, 6, '_bc1vmf5j5', '2019-06-30 18:39:03', '2019-06-30 18:39:03'),
(202, 'IT01 - ITP107 - MOBILE APPLICATION DEVELOPMENT q2', 'IT01 - ITP107 - MOBILE APPLICATION DEVELOPMENT q2', 7, 125, 1, 2, 1, 6, '_yyxsdu0v6', '2019-06-30 18:39:20', '2019-06-30 18:39:20'),
(203, 'IT01 - ITP107 - MOBILE APPLICATION DEVELOPMENT q3', 'IT01 - ITP107 - MOBILE APPLICATION DEVELOPMENT q3', 7, 125, 1, 2, 1, 6, '_syv70u7xh', '2019-06-30 18:39:40', '2019-06-30 18:39:40'),
(204, 'IT01 - ITP107 - MOBILE APPLICATION DEVELOPMENT q4', 'IT01 - ITP107 - MOBILE APPLICATION DEVELOPMENT q4', 7, 125, 1, 2, 1, 6, '_r86ykopzo', '2019-06-30 18:39:58', '2019-06-30 18:39:58'),
(205, 'IT01 - ITP107 - MOBILE APPLICATION DEVELOPMENT q5', 'IT01 - ITP107 - MOBILE APPLICATION DEVELOPMENT q5', 7, 125, 1, 2, 1, 6, '_5738em0rc', '2019-06-30 18:40:25', '2019-06-30 18:40:25'),
(206, 'IT01 - ITP107 - MOBILE APPLICATION DEVELOPMENT q6', 'IT01 - ITP107 - MOBILE APPLICATION DEVELOPMENT q6', 7, 125, 1, 2, 1, 6, '_ipb445etf', '2019-06-30 18:40:45', '2019-06-30 18:40:45'),
(207, 'IT01 - ITP107 - MOBILE APPLICATION DEVELOPMENT q7', 'IT01 - ITP107 - MOBILE APPLICATION DEVELOPMENT q7', 7, 125, 1, 2, 1, 6, '_ebxox0kwm', '2019-06-30 18:41:02', '2019-06-30 18:41:02'),
(208, 'IT01 - ITP107 - MOBILE APPLICATION DEVELOPMENT q8', 'IT01 - ITP107 - MOBILE APPLICATION DEVELOPMENT q8', 7, 125, 2, 2, 1, 6, '_za2dbomfy', '2019-06-30 18:41:21', '2019-06-30 18:41:21'),
(209, 'IT01 - ITP107 - MOBILE APPLICATION DEVELOPMENT q9', 'IT01 - ITP107 - MOBILE APPLICATION DEVELOPMENT q9', 7, 125, 2, 2, 1, 6, '_2of46spx0', '2019-06-30 18:41:36', '2019-06-30 18:41:36'),
(210, 'IT01 - ITP107 - MOBILE APPLICATION DEVELOPMENT q10', 'IT01 - ITP107 - MOBILE APPLICATION DEVELOPMENT q10', 7, 125, 2, 2, 1, 6, '_0bstoprxw', '2019-06-30 18:41:53', '2019-06-30 18:41:53'),
(211, 'IT01 - ITP107 - MOBILE APPLICATION DEVELOPMENT q11', 'IT01 - ITP107 - MOBILE APPLICATION DEVELOPMENT q11', 7, 125, 2, 2, 1, 6, '_remktvw7b', '2019-06-30 18:42:10', '2019-06-30 18:42:10'),
(212, 'IT01 - ITP107 - MOBILE APPLICATION DEVELOPMENT q12', 'IT01 - ITP107 - MOBILE APPLICATION DEVELOPMENT q12', 7, 125, 2, 2, 1, 6, '_lvhc8k382', '2019-06-30 18:42:28', '2019-06-30 18:42:28'),
(213, 'IT01 - ITP107 - MOBILE APPLICATION DEVELOPMENT q13', 'IT01 - ITP107 - MOBILE APPLICATION DEVELOPMENT q13', 7, 125, 3, 2, 1, 6, '_wa9neyzua', '2019-06-30 18:42:45', '2019-06-30 18:42:45'),
(214, 'IT01 - ITP107 - MOBILE APPLICATION DEVELOPMENT q14', 'IT01 - ITP107 - MOBILE APPLICATION DEVELOPMENT q14', 7, 125, 3, 2, 1, 6, '_vjx5nm5yv', '2019-06-30 18:43:14', '2019-06-30 18:43:14'),
(215, 'IT01 - ITP107 - MOBILE APPLICATION DEVELOPMENT q15', 'IT01 - ITP107 - MOBILE APPLICATION DEVELOPMENT q15', 7, 125, 3, 2, 1, 6, '_fxdeigm5j', '2019-06-30 18:43:32', '2019-06-30 18:43:32'),
(216, 'IT01 - ITP107 - MOBILE APPLICATION DEVELOPMENT q16', 'IT01 - ITP107 - MOBILE APPLICATION DEVELOPMENT q16', 7, 125, 3, 2, 1, 6, '_6d9u9dsy5', '2019-06-30 18:43:49', '2019-06-30 18:43:49'),
(217, 'IT01 - ITP107 - MOBILE APPLICATION DEVELOPMENT q17', 'IT01 - ITP107 - MOBILE APPLICATION DEVELOPMENT q17', 7, 125, 3, 2, 1, 6, '_5bo7gem46', '2019-06-30 18:44:04', '2019-06-30 18:44:04'),
(218, 'test', 'test1', 7, 89, 2, 2, 1, 6, '_uwb1x0ozn', '2019-07-02 22:12:40', '2019-07-02 22:12:40');

-- --------------------------------------------------------

--
-- Table structure for table `users`
--

CREATE TABLE `users` (
  `id` int(10) UNSIGNED NOT NULL,
  `first_name` varchar(191) COLLATE utf8mb4_unicode_ci NOT NULL,
  `last_name` varchar(191) COLLATE utf8mb4_unicode_ci NOT NULL,
  `middle_name` varchar(191) COLLATE utf8mb4_unicode_ci DEFAULT NULL,
  `email` varchar(191) COLLATE utf8mb4_unicode_ci NOT NULL,
  `password` varchar(191) COLLATE utf8mb4_unicode_ci NOT NULL,
  `contact_no` varchar(191) COLLATE utf8mb4_unicode_ci DEFAULT NULL,
  `date_of_birth` varchar(191) COLLATE utf8mb4_unicode_ci NOT NULL,
  `sex` varchar(191) COLLATE utf8mb4_unicode_ci NOT NULL,
  `address` varchar(191) COLLATE utf8mb4_unicode_ci DEFAULT NULL,
  `user_type_id` varchar(191) COLLATE utf8mb4_unicode_ci NOT NULL,
  `is_active` tinyint(1) DEFAULT '1',
  `remember_token` varchar(100) COLLATE utf8mb4_unicode_ci DEFAULT NULL,
  `created_at` timestamp NULL DEFAULT NULL,
  `updated_at` timestamp NULL DEFAULT NULL
) ENGINE=InnoDB DEFAULT CHARSET=utf8mb4 COLLATE=utf8mb4_unicode_ci;

--
-- Dumping data for table `users`
--

INSERT INTO `users` (`id`, `first_name`, `last_name`, `middle_name`, `email`, `password`, `contact_no`, `date_of_birth`, `sex`, `address`, `user_type_id`, `is_active`, `remember_token`, `created_at`, `updated_at`) VALUES
(2, 'JASPER', 'DIONGCO', 'PATUBO', 'jasperdiongco@gmail.com', '$2y$10$cJ5aI4kBY1tfB8oTq7yXIODpJ3YEayFLEpA4b8MVoIcu8SYs1JY1y', '09151606316', '23 Apr 1999', 'M', 'Cabuyao, Laguna', 'dean', 1, '26tihxUC7w6C64l5xfL6oeZwzOYlvN1sVJq93kiwmyW637WCsX8spUKF24Ow', '2019-05-05 05:27:38', '2019-05-24 16:11:36'),
(3, 'JOHN', 'DOE', 'SMITH', 'johndoe@gmail.com', '$2y$10$/nvGNjis..htaL7SySoLr.Aj6nNPx0.5p5OWUkNXjYyGaQq9sHAQy', NULL, '23 Apr 1999', 'M', NULL, 'dean', 1, NULL, '2019-05-05 05:32:31', '2019-05-06 04:27:30'),
(4, 'JUAN', 'CRUZ', 'DELA', 'juandelacruz@gmail.com', '$2y$10$gyvWCofZWSLXL53Vr310c.3wGAalS3I7uan9ZZSnxmmX9H5mPaad.', NULL, '09 May 2001', 'M', NULL, 'dean', 1, NULL, '2019-05-05 05:33:57', '2019-05-06 04:50:35'),
(7, 'ANNA', 'LOPEZ', 'VIDA', 'annavida@gmail.com', '$2y$10$JNmLAe8Gs4pn/tl666TDRuk1/mRYvNahqMU9pqh1WpCbjslrlQCJK', '09123-123-123', '04 May 1995', 'F', NULL, 'dean', 1, NULL, '2019-05-05 05:56:43', '2019-05-23 13:35:49'),
(8, 'JOHN CARLO', 'LOPEZ', 'TRY', 'test@gmail.com', '$2y$10$FrIAAFs4iDcTmBjOaXN6FuibUoN87UEMEPUG9e35L8BnK1KIhFpS6', '091233323112', '23 Apr 1999', 'M', 'Cabuyao, Laguna', 'dean', 1, NULL, '2019-05-05 20:18:29', '2019-05-06 04:35:09'),
(12, 'TEST', 'TRY', NULL, 'test1@gmail.com', '$2y$10$.ggAFkK9L92ZP95hYqagOuL71YWIREjd1W.aCT7z3Gl27jKA5DgNm', NULL, '02 Feb 2011', 'F', NULL, 'prof', 1, NULL, '2019-05-05 22:55:21', '2019-06-29 13:14:59'),
(13, 'TRY AGAIN', 'TRY', '', 'try@gmail.com', '$2y$10$LCYx3Q5CfpwPTUraD2hTEuvJEni7dB1d1Nfh2fS7.Bc47.N3VYu7C', NULL, '05 May 1990', 'M', NULL, 'dean', 1, NULL, '2019-05-05 22:57:31', '2019-06-29 13:14:59'),
(14, 'ASD', 'ASD', 'ASD', 'asd@gmail.com', '$2y$10$tWVpiPFADk6zVtH0LpYiQ.NzW74vuoKiA11MD9Nd87F0iK16jDtqq', NULL, '01 May 2019', 'F', NULL, 'prof', 1, NULL, '2019-05-05 23:13:47', '2019-05-05 23:13:47'),
(15, 'ROMOLO', 'TACMOY', 'TRY', 'tacmoy@gmail.com', '$2y$10$btBlCGIE.9GkXXDv7Hwq0OUOxpBY3rIEKeCBUBopIt4.Zxr1Q.6F6', NULL, '17 May 1990', 'M', NULL, 'dean', 1, NULL, '2019-05-06 04:37:00', '2019-05-06 04:37:21'),
(16, 'VINCENT', 'ORTEGA', 'JOHN', 'vincent@gmail.com', '$2y$10$C/r5p4kTHI7T17/E0EkOLuw9NfCGOM5h7nl1RS9G.w381LlkcmoRe', '09129998987', '01 May 1994', 'M', 'Cabuyao, Laguna', 'prof', 1, NULL, '2019-05-06 06:44:04', '2019-05-23 13:45:04'),
(17, 'RICHLYN', 'REBANA', 'TRY', 'rich@gmail.com', '$2y$10$TSz2wgB5RoexytAckr.DX.H7SA5gqCgXBiNIdLX92aseEcZb5Yv7O', NULL, '11 Jun 1997', 'F', NULL, 'dean', 1, NULL, '2019-05-06 06:44:51', '2019-05-12 03:23:19'),
(18, 'SUPER', 'ADMIN', '', 'superadmin@me.com', '$2y$10$HLF0cAij4GIxSBAmSpw84OIKLtrpu7wK/Nu5ZeShvXyfmTT34ugMy', NULL, '23 Apr 1999', 'M', NULL, 's_admin', 1, NULL, '2019-05-07 21:18:52', '2019-05-07 21:18:52'),
(19, 'RYAN', 'FOSTER', 'TRY', 'foster@gmail.com', '$2y$10$Io7Qc8wcz7BRgJIS7DKQkuN5MZpdabFJz9aoPFng2xDJ7dzHtnKgK', NULL, '07 May 1991', 'M', NULL, 'prof', 1, NULL, '2019-05-22 16:10:48', '2019-05-22 19:03:52'),
(20, 'JEPEE', 'ASD', 'TRYL', 'jepee@gmail.com', '$2y$10$.3sWCuNml0P0VrQ5XQ5uAudWHd1skzllWv8KGqd6xDXOA3pgURFFS', '09898776767', '04 Jan 2000', 'M', NULL, 'prof', 1, NULL, '2019-05-22 17:30:10', '2019-06-25 02:47:34'),
(21, 'JOHN MARK', 'ASD', 'TRY', 'johnmark@gmail.com', '$2y$10$.s6cNLIHYXEc2xAZPl7i5e5/loCeLW170Az2af55Hx4qTTwKTuIbW', '09898778767', '08 Feb 1990', 'M', NULL, 'prof', 1, NULL, '2019-05-22 17:31:20', '2019-05-22 17:31:20'),
(22, 'TEST', 'TEST UPDATED', 'TEST', 'updated@gmail.com', '$2y$10$zTpXB.LzBPFOdkKB4I.zeO8XDlOzmLf22Yg6dyOuWEv28hl5oND4a', NULL, '1990-05-01T18:50:00.000Z', 'M', NULL, 'stud', 1, NULL, '2019-05-23 19:00:13', '2019-05-24 14:54:06'),
(27, 'TEST', 'TEST', 'TEST', 't1@gmail.com', '$2y$10$C03i5ralKZAiX9YqZZdZ0urOTM44OKOtsGSXNA50aDcLy8JwVdzjW', NULL, '1990-05-01T18:50:00.000Z', 'M', NULL, 'stud', 1, NULL, '2019-05-23 19:03:40', '2019-05-23 19:03:40'),
(28, 'TEST', 'TRY', 'LANG', 'trry1@gmail.com', '$2y$10$dc79ASuKcxOUtjwqUH7/hO73Z9RpU0jUlU9nq1fWZY3nqQ8kRoQPO', NULL, '1990-02-06T19:05:00.000Z', 'F', NULL, 'stud', 1, NULL, '2019-05-23 19:06:15', '2019-05-23 19:06:15'),
(29, 'JP', 'PATZ', 'ASD', 'qwe@gmail.com', '$2y$10$0zSXvYhEjTGRLHWpotZiqOXY.FxTZYmk/iqLj58CgFCmRdfzrk9YS', NULL, '1991-01-31T20:09:00.000Z', 'M', NULL, 'stud', 1, NULL, '2019-05-23 20:10:06', '2019-05-24 13:44:40'),
(30, 'GABRIEL', 'OLIVARES', 'DIO', 'gab@gmail.com', '$2y$10$0sX0gmNPwSEGLunQ6k9CXuJ57vXR8bHiUEJBvJfPWg8a38xWI93hG', NULL, '1990-05-31T20:42:00.000Z', 'M', NULL, 'stud', 1, NULL, '2019-05-23 20:43:16', '2019-05-23 20:43:16'),
(31, 'JOHN', 'FLORA', 'TEST', 'flora@gmail.com', '$2y$10$MtB.s2hNJo0FlWrGNEm2FuWUJkM3ZVmVhgm.AnMEwHo9CMOeVvsiu', NULL, '2000-02-02T12:49:00.000Z', 'M', NULL, 'stud', 1, NULL, '2019-05-24 12:50:24', '2019-05-24 12:50:24'),
(32, 'JOHN KEVIN', 'QWERR', 'TEST', 'kevin@gmail.com', '$2y$10$T3LqOU8HxZpYPuXSnzNFTO2HbTdkee6iKNBPoVXBX3MD2SEolXKQe', NULL, '2000-02-02T12:55:00.000Z', 'M', NULL, 'stud', 1, NULL, '2019-05-24 12:56:55', '2019-05-24 15:23:20'),
(33, 'MAE', 'DELA CRUZ', 'TEST', 'mae@gmail.com', '$2y$10$fh/BnKRQ1HdWcCkog9ByReJzNUDoNtjC9R3voisTqzIyb6FVI.2Ja', NULL, '2000-05-31T14:54:00.000Z', 'F', NULL, 'stud', 1, NULL, '2019-05-24 14:55:45', '2019-05-24 14:55:45'),
(34, 'GABRIEL', 'OLIVARES', 'DIO', 'gabriel@gmail.com', '$2y$10$7Un4B8yxsL7ClSOR1UvxD.9fAyJf5AwbSEBrxKcMXnfV0YiSPi04m', NULL, '1997-04-22T22:45:00.000Z', 'M', NULL, 'stud', 1, NULL, '2019-07-02 22:47:29', '2019-07-02 22:47:29');

-- --------------------------------------------------------

--
-- Table structure for table `user_types`
--

CREATE TABLE `user_types` (
  `id` varchar(191) COLLATE utf8mb4_unicode_ci NOT NULL,
  `description` varchar(191) COLLATE utf8mb4_unicode_ci NOT NULL
) ENGINE=InnoDB DEFAULT CHARSET=utf8mb4 COLLATE=utf8mb4_unicode_ci;

--
-- Dumping data for table `user_types`
--

INSERT INTO `user_types` (`id`, `description`) VALUES
('stud', 'Student'),
('prof', 'Professor'),
('dean', 'Dean'),
('s_admin', 'Super Admin');

--
-- Indexes for dumped tables
--

--
-- Indexes for table `choices`
--
ALTER TABLE `choices`
  ADD PRIMARY KEY (`id`);

--
-- Indexes for table `code_objects`
--
ALTER TABLE `code_objects`
  ADD PRIMARY KEY (`id`);

--
-- Indexes for table `colleges`
--
ALTER TABLE `colleges`
  ADD PRIMARY KEY (`id`),
  ADD UNIQUE KEY `colleges_college_code_unique` (`college_code`);

--
-- Indexes for table `courses`
--
ALTER TABLE `courses`
  ADD PRIMARY KEY (`id`);

--
-- Indexes for table `course_requisites`
--
ALTER TABLE `course_requisites`
  ADD PRIMARY KEY (`id`);

--
-- Indexes for table `curricula`
--
ALTER TABLE `curricula`
  ADD PRIMARY KEY (`id`);

--
-- Indexes for table `curriculum_courses`
--
ALTER TABLE `curriculum_courses`
  ADD PRIMARY KEY (`id`);

--
-- Indexes for table `curriculum_mapping_statuses`
--
ALTER TABLE `curriculum_mapping_statuses`
  ADD PRIMARY KEY (`id`);

--
-- Indexes for table `curriculum_maps`
--
ALTER TABLE `curriculum_maps`
  ADD PRIMARY KEY (`id`);

--
-- Indexes for table `difficulty_levels`
--
ALTER TABLE `difficulty_levels`
  ADD PRIMARY KEY (`id`);

--
-- Indexes for table `exams`
--
ALTER TABLE `exams`
  ADD PRIMARY KEY (`id`);

--
-- Indexes for table `exam_levels`
--
ALTER TABLE `exam_levels`
  ADD PRIMARY KEY (`id`);

--
-- Indexes for table `exam_test_questions`
--
ALTER TABLE `exam_test_questions`
  ADD PRIMARY KEY (`id`);

--
-- Indexes for table `faculties`
--
ALTER TABLE `faculties`
  ADD PRIMARY KEY (`id`);

--
-- Indexes for table `image_objects`
--
ALTER TABLE `image_objects`
  ADD PRIMARY KEY (`id`);

--
-- Indexes for table `learning_levels`
--
ALTER TABLE `learning_levels`
  ADD PRIMARY KEY (`id`);

--
-- Indexes for table `math_objects`
--
ALTER TABLE `math_objects`
  ADD PRIMARY KEY (`id`);

--
-- Indexes for table `migrations`
--
ALTER TABLE `migrations`
  ADD PRIMARY KEY (`id`);

--
-- Indexes for table `password_resets`
--
ALTER TABLE `password_resets`
  ADD KEY `password_resets_email_index` (`email`);

--
-- Indexes for table `performance_criterias`
--
ALTER TABLE `performance_criterias`
  ADD PRIMARY KEY (`id`);

--
-- Indexes for table `performance_criteria_indicators`
--
ALTER TABLE `performance_criteria_indicators`
  ADD PRIMARY KEY (`id`);

--
-- Indexes for table `performance_indicators`
--
ALTER TABLE `performance_indicators`
  ADD PRIMARY KEY (`id`);

--
-- Indexes for table `programs`
--
ALTER TABLE `programs`
  ADD PRIMARY KEY (`id`);

--
-- Indexes for table `students`
--
ALTER TABLE `students`
  ADD PRIMARY KEY (`id`);

--
-- Indexes for table `student_outcomes`
--
ALTER TABLE `student_outcomes`
  ADD PRIMARY KEY (`id`);

--
-- Indexes for table `test_questions`
--
ALTER TABLE `test_questions`
  ADD PRIMARY KEY (`id`);

--
-- Indexes for table `users`
--
ALTER TABLE `users`
  ADD PRIMARY KEY (`id`),
  ADD UNIQUE KEY `users_email_unique` (`email`);

--
-- AUTO_INCREMENT for dumped tables
--

--
-- AUTO_INCREMENT for table `choices`
--
ALTER TABLE `choices`
  MODIFY `id` int(11) NOT NULL AUTO_INCREMENT, AUTO_INCREMENT=684;

--
-- AUTO_INCREMENT for table `code_objects`
--
ALTER TABLE `code_objects`
  MODIFY `id` int(11) NOT NULL AUTO_INCREMENT, AUTO_INCREMENT=16;

--
-- AUTO_INCREMENT for table `colleges`
--
ALTER TABLE `colleges`
  MODIFY `id` int(11) NOT NULL AUTO_INCREMENT, AUTO_INCREMENT=8;

--
-- AUTO_INCREMENT for table `courses`
--
ALTER TABLE `courses`
  MODIFY `id` int(11) NOT NULL AUTO_INCREMENT, AUTO_INCREMENT=139;

--
-- AUTO_INCREMENT for table `course_requisites`
--
ALTER TABLE `course_requisites`
  MODIFY `id` int(11) NOT NULL AUTO_INCREMENT, AUTO_INCREMENT=8;

--
-- AUTO_INCREMENT for table `curricula`
--
ALTER TABLE `curricula`
  MODIFY `id` int(11) NOT NULL AUTO_INCREMENT, AUTO_INCREMENT=39;

--
-- AUTO_INCREMENT for table `curriculum_courses`
--
ALTER TABLE `curriculum_courses`
  MODIFY `id` int(11) NOT NULL AUTO_INCREMENT, AUTO_INCREMENT=159;

--
-- AUTO_INCREMENT for table `curriculum_mapping_statuses`
--
ALTER TABLE `curriculum_mapping_statuses`
  MODIFY `id` int(11) NOT NULL AUTO_INCREMENT, AUTO_INCREMENT=9;

--
-- AUTO_INCREMENT for table `curriculum_maps`
--
ALTER TABLE `curriculum_maps`
  MODIFY `id` int(11) NOT NULL AUTO_INCREMENT, AUTO_INCREMENT=107;

--
-- AUTO_INCREMENT for table `difficulty_levels`
--
ALTER TABLE `difficulty_levels`
  MODIFY `id` int(10) UNSIGNED NOT NULL AUTO_INCREMENT, AUTO_INCREMENT=4;

--
-- AUTO_INCREMENT for table `exams`
--
ALTER TABLE `exams`
  MODIFY `id` int(10) UNSIGNED NOT NULL AUTO_INCREMENT, AUTO_INCREMENT=4;

--
-- AUTO_INCREMENT for table `exam_levels`
--
ALTER TABLE `exam_levels`
  MODIFY `id` int(10) UNSIGNED NOT NULL AUTO_INCREMENT;

--
-- AUTO_INCREMENT for table `exam_test_questions`
--
ALTER TABLE `exam_test_questions`
  MODIFY `id` int(10) UNSIGNED NOT NULL AUTO_INCREMENT, AUTO_INCREMENT=301;

--
-- AUTO_INCREMENT for table `faculties`
--
ALTER TABLE `faculties`
  MODIFY `id` int(10) UNSIGNED NOT NULL AUTO_INCREMENT, AUTO_INCREMENT=18;

--
-- AUTO_INCREMENT for table `image_objects`
--
ALTER TABLE `image_objects`
  MODIFY `id` int(10) UNSIGNED NOT NULL AUTO_INCREMENT, AUTO_INCREMENT=32;

--
-- AUTO_INCREMENT for table `learning_levels`
--
ALTER TABLE `learning_levels`
  MODIFY `id` int(10) UNSIGNED NOT NULL AUTO_INCREMENT, AUTO_INCREMENT=4;

--
-- AUTO_INCREMENT for table `math_objects`
--
ALTER TABLE `math_objects`
  MODIFY `id` int(10) UNSIGNED NOT NULL AUTO_INCREMENT, AUTO_INCREMENT=24;

--
-- AUTO_INCREMENT for table `migrations`
--
ALTER TABLE `migrations`
  MODIFY `id` int(10) UNSIGNED NOT NULL AUTO_INCREMENT, AUTO_INCREMENT=29;

--
-- AUTO_INCREMENT for table `performance_criterias`
--
ALTER TABLE `performance_criterias`
  MODIFY `id` int(10) UNSIGNED NOT NULL AUTO_INCREMENT, AUTO_INCREMENT=22;

--
-- AUTO_INCREMENT for table `performance_criteria_indicators`
--
ALTER TABLE `performance_criteria_indicators`
  MODIFY `id` int(10) UNSIGNED NOT NULL AUTO_INCREMENT, AUTO_INCREMENT=70;

--
-- AUTO_INCREMENT for table `performance_indicators`
--
ALTER TABLE `performance_indicators`
  MODIFY `id` int(10) UNSIGNED NOT NULL AUTO_INCREMENT, AUTO_INCREMENT=5;

--
-- AUTO_INCREMENT for table `programs`
--
ALTER TABLE `programs`
  MODIFY `id` int(10) UNSIGNED NOT NULL AUTO_INCREMENT, AUTO_INCREMENT=12;

--
-- AUTO_INCREMENT for table `students`
--
ALTER TABLE `students`
  MODIFY `id` int(10) UNSIGNED NOT NULL AUTO_INCREMENT, AUTO_INCREMENT=10;

--
-- AUTO_INCREMENT for table `student_outcomes`
--
ALTER TABLE `student_outcomes`
  MODIFY `id` int(10) UNSIGNED NOT NULL AUTO_INCREMENT, AUTO_INCREMENT=23;

--
-- AUTO_INCREMENT for table `test_questions`
--
ALTER TABLE `test_questions`
  MODIFY `id` int(10) UNSIGNED NOT NULL AUTO_INCREMENT, AUTO_INCREMENT=219;

--
-- AUTO_INCREMENT for table `users`
--
ALTER TABLE `users`
  MODIFY `id` int(10) UNSIGNED NOT NULL AUTO_INCREMENT, AUTO_INCREMENT=35;
COMMIT;

/*!40101 SET CHARACTER_SET_CLIENT=@OLD_CHARACTER_SET_CLIENT */;
/*!40101 SET CHARACTER_SET_RESULTS=@OLD_CHARACTER_SET_RESULTS */;
/*!40101 SET COLLATION_CONNECTION=@OLD_COLLATION_CONNECTION */;
