-- phpMyAdmin SQL Dump
-- version 4.8.5
-- https://www.phpmyadmin.net/
--
-- Host: 127.0.0.1
-- Generation Time: May 26, 2019 at 11:55 AM
-- Server version: 10.1.38-MariaDB
-- PHP Version: 7.3.4

SET SQL_MODE = "NO_AUTO_VALUE_ON_ZERO";
SET AUTOCOMMIT = 0;
START TRANSACTION;
SET time_zone = "+00:00";


/*!40101 SET @OLD_CHARACTER_SET_CLIENT=@@CHARACTER_SET_CLIENT */;
/*!40101 SET @OLD_CHARACTER_SET_RESULTS=@@CHARACTER_SET_RESULTS */;
/*!40101 SET @OLD_COLLATION_CONNECTION=@@COLLATION_CONNECTION */;
/*!40101 SET NAMES utf8mb4 */;

--
-- Database: `pnc_soa_final`
--

-- --------------------------------------------------------

--
-- Table structure for table `colleges`
--

CREATE TABLE `colleges` (
  `id` int(10) UNSIGNED NOT NULL,
  `college_code` varchar(10) COLLATE utf8mb4_unicode_ci NOT NULL,
  `name` varchar(255) COLLATE utf8mb4_unicode_ci NOT NULL,
  `faculty_id` int(11) NOT NULL
) ENGINE=InnoDB DEFAULT CHARSET=utf8mb4 COLLATE=utf8mb4_unicode_ci;

--
-- Dumping data for table `colleges`
--

INSERT INTO `colleges` (`id`, `college_code`, `name`, `faculty_id`) VALUES
(1, 'CCS', 'COLLEGE OF COMPUTER STUDIES', 1),
(2, 'COE', 'COLLEGE OF ENGINEERING', 5),
(3, 'COED', 'COLLEGE OF EDUCATION', 12),
(4, 'TRY', 'TEST LANG', 3),
(5, 'CBAA', 'COLLEGE OF BUSINESS ADMINISTRATION AND ACCOUNTING', 4),
(6, 'CON', 'COLLEGE OF NURSING', 2),
(7, 'CAS', 'COLLEGE OF ART AND SCIENCES', 14);

-- --------------------------------------------------------

--
-- Table structure for table `courses`
--

CREATE TABLE `courses` (
  `id` int(10) UNSIGNED NOT NULL,
  `course_code` varchar(10) COLLATE utf8mb4_unicode_ci NOT NULL,
  `description` varchar(255) COLLATE utf8mb4_unicode_ci NOT NULL,
  `lec_unit` int(11) NOT NULL,
  `lab_unit` int(11) NOT NULL,
  `college_id` int(11) NOT NULL,
  `is_public` tinyint(1) NOT NULL DEFAULT '0',
  `color` varchar(191) COLLATE utf8mb4_unicode_ci NOT NULL,
  `created_at` timestamp NULL DEFAULT NULL,
  `updated_at` timestamp NULL DEFAULT NULL
) ENGINE=InnoDB DEFAULT CHARSET=utf8mb4 COLLATE=utf8mb4_unicode_ci;

--
-- Dumping data for table `courses`
--

INSERT INTO `courses` (`id`, `course_code`, `description`, `lec_unit`, `lab_unit`, `college_id`, `is_public`, `color`, `created_at`, `updated_at`) VALUES
(17, 'PE1', 'FOUNDATION OF PHYSICAL EDUCATION & HEALTH', 2, 0, 3, 1, '#C0CA33', '2019-05-12 03:21:10', '2019-05-12 03:21:10'),
(18, 'MATH1', 'COLLEGE ALGEBRA', 3, 0, 2, 1, '#3949AB', '2019-05-12 03:21:47', '2019-05-12 03:21:47'),
(19, 'FIL1', 'KOMUNIKASYON SA AKADEMIKONG FILIPINO', 3, 0, 3, 1, '#6D4C41', '2019-05-12 03:22:13', '2019-05-12 03:22:13'),
(20, 'SOCSCI1', 'SOCIOLOGY W/ FAMILY PANNING AND HIV EDUCATION', 3, 0, 7, 1, '#1E88E5', '2019-05-12 03:24:00', '2019-05-12 03:24:00'),
(21, 'ETHICS', 'ETHICS FOR IT PROFESSIONALS', 3, 0, 1, 1, '#1E88E5', '2019-05-12 03:24:41', '2019-05-12 03:24:41'),
(22, 'NSTP1', 'NATIONAL SERVICE TRAINING PROGRAM 1', 3, 0, 7, 1, '#7CB342', '2019-05-12 03:25:19', '2019-05-12 03:25:19'),
(23, 'CS102A', 'COMPUTER PROGRAMMING 1', 3, 1, 1, 1, '#FDD835', '2019-05-12 03:25:50', '2019-05-12 03:25:50'),
(24, 'CS101', 'COMPUTER FUNDAMENTALS W/ APPLICATION SOFTWARE', 3, 1, 1, 1, '#FDD835', '2019-05-12 03:26:26', '2019-05-12 03:26:26'),
(25, 'ENG0', 'INTENSIVE GRAMMAR REVIEW', 3, 0, 7, 1, '#7CB342', '2019-05-12 03:26:57', '2019-05-12 03:26:57'),
(26, 'NSTP2', 'NATIONAL SERVICE TRAINING PROGRAM 2', 3, 0, 7, 1, '#00ACC1', '2019-05-12 03:27:30', '2019-05-12 03:27:30'),
(27, 'MATH2', 'TRIGONOMETRY', 3, 0, 2, 1, '#FDD835', '2019-05-12 03:28:08', '2019-05-12 03:28:08'),
(28, 'PE2', 'GYMNASTICS / RHYTHMIC ACTIVITIES', 2, 0, 7, 1, '#8E24AA', '2019-05-12 03:28:40', '2019-05-12 03:28:40'),
(29, 'ENG1', 'COMMUNICATION SKILLS 1', 3, 0, 7, 1, '#039BE5', '2019-05-12 03:30:28', '2019-05-12 03:30:28'),
(30, 'ITE11', 'APPLICATION SOFTWARE (PURE LAB)', 3, 0, 1, 0, '#F4511E', '2019-05-12 03:32:31', '2019-05-12 03:32:31'),
(31, 'FIL2', 'PAGBASA AT PAGSULAT TUNGO SA PANANALIKSIK', 3, 0, 3, 1, '#5E35B1', '2019-05-12 03:33:13', '2019-05-12 03:33:13'),
(32, 'CS105', 'DATA STRUCTURE AND ALGORITHMS', 3, 1, 1, 1, '#6D4C41', '2019-05-12 03:33:55', '2019-05-12 03:33:55'),
(33, 'CS103', 'QUALITY CONSCIOUSNESS, HABITS & PROCESS', 3, 0, 1, 1, '#8E24AA', '2019-05-12 03:34:36', '2019-05-12 03:34:36'),
(34, 'CS104A', 'DATABASE MANAGEMENT SYSTEM 1', 3, 1, 1, 0, '#3949AB', '2019-05-12 03:35:00', '2019-05-12 03:35:05'),
(35, 'MATH3', 'ANALYTIC GEOMETRY', 3, 0, 2, 1, '#3949AB', '2019-05-12 03:35:39', '2019-05-12 03:35:39'),
(36, 'FIL3', 'MASINING NA PAGPAPAHAYAG', 3, 0, 3, 1, '#FDD835', '2019-05-12 03:36:23', '2019-05-12 03:36:23'),
(37, 'ENG2', 'COMMUNICATION SKILLS 2', 3, 0, 7, 1, '#6D4C41', '2019-05-12 03:37:23', '2019-05-12 03:37:23'),
(38, 'CS106', 'DISCRETE MATH WITH ABSTRACT ALGEBRA', 3, 0, 1, 0, '#039BE5', '2019-05-12 03:38:16', '2019-05-12 03:38:16'),
(39, 'PE3', 'INDIVIDUAL/DUAL SPORTS', 2, 0, 7, 1, '#C0CA33', '2019-05-12 03:38:56', '2019-05-12 03:38:56'),
(40, 'CS102B', 'COMPUTER PROGRAMMING 2', 3, 1, 1, 1, '#43A047', '2019-05-12 03:39:25', '2019-05-12 03:39:25'),
(41, 'CS104B', 'DATABASE MANAGEMENT SYSTEM 2', 3, 1, 1, 0, '#1E88E5', '2019-05-12 03:40:00', '2019-05-12 03:40:00'),
(42, 'PHYSICS1A', 'MECHANICS, HEAT AND SOUND', 3, 0, 2, 1, '#5E35B1', '2019-05-12 03:40:55', '2019-05-12 03:40:55'),
(43, 'PHILO1', 'INTRO. TO PHILOSOPHY AND LOGIC', 3, 0, 7, 1, '#00ACC1', '2019-05-12 03:41:34', '2019-05-12 03:41:34'),
(44, 'SOCSCI2', 'PHILIPPINE GOVERNMENT AND CONSTITUTION', 3, 0, 7, 1, '#3949AB', '2019-05-12 03:42:08', '2019-05-12 03:42:08'),
(45, 'CS107A', 'OBJECT-ORIENTED PROGRAMMING 1', 3, 1, 1, 0, '#3949AB', '2019-05-12 03:42:31', '2019-05-12 03:42:31'),
(46, 'ITE12', 'SYSTEM ANALYSIS AND DESIGN', 3, 0, 1, 0, '#F4511E', '2019-05-12 03:43:17', '2019-05-12 03:43:17'),
(47, 'ENG3', 'FUNDAMENTALS OF SPEECH COMMUNICATION', 3, 0, 7, 1, '#3949AB', '2019-05-12 03:44:37', '2019-05-12 03:44:37'),
(48, 'IT102', 'DATABASE ADMINISTRATION', 3, 0, 1, 0, '#C0CA33', '2019-05-12 03:45:02', '2019-05-12 03:45:02'),
(49, 'CS108', 'LOGIC DESIGN AND SWITCHING', 3, 0, 1, 0, '#D81B60', '2019-05-12 03:45:44', '2019-05-12 03:45:44'),
(50, 'CS109A', 'WEB DEVELOPMENT 1', 3, 1, 1, 0, '#43A047', '2019-05-12 03:46:13', '2019-05-12 03:46:13'),
(51, 'PHYSICS2A', 'ELECTRICITY AND MAGNETISM', 3, 0, 2, 1, '#039BE5', '2019-05-12 03:46:52', '2019-05-12 03:46:52'),
(52, 'CS110A', 'DATA COMMUNICATION 1', 3, 1, 1, 0, '#00897B', '2019-05-12 03:47:35', '2019-05-12 03:47:35'),
(53, 'PE4', 'TEAM SPORTS', 2, 0, 7, 1, '#8E24AA', '2019-05-12 03:48:00', '2019-05-12 03:48:00'),
(54, 'LIT1', 'INTRODUCTION TO PHILIPPINE LITERATURE', 3, 0, 7, 1, '#7CB342', '2019-05-12 03:48:33', '2019-05-12 03:48:33'),
(55, 'STAT1', 'BASIC AND APPLIED STATISTICS', 3, 0, 2, 1, '#5E35B1', '2019-05-12 03:52:32', '2019-05-12 03:52:32'),
(56, 'CS112', 'PRINCIPLES OF OPERATING SYSTEM', 3, 1, 1, 0, '#00ACC1', '2019-05-12 03:53:10', '2019-05-12 03:53:10'),
(57, 'CS109C', 'WEB DEVELOPMENT 3', 3, 1, 1, 0, '#7CB342', '2019-05-12 03:53:35', '2019-05-12 03:53:35'),
(58, 'ENG4', 'BUSINESS, TECHNICAL AND REPORT WRITING', 3, 0, 7, 1, '#00ACC1', '2019-05-12 03:53:55', '2019-05-12 03:53:55'),
(59, 'IT103', 'INFORMATION SYSTEM SECURITY', 3, 0, 1, 0, '#00ACC1', '2019-05-12 03:54:15', '2019-05-12 03:54:15'),
(60, 'CS109B', 'WEB DEVELOPMENT 2', 3, 1, 1, 0, '#C0CA33', '2019-05-12 03:54:48', '2019-05-12 03:54:48'),
(61, 'CS107B', 'OBJECT ORIENTED PROGRAMMING 2', 3, 1, 1, 0, '#F4511E', '2019-05-12 03:55:28', '2019-05-12 03:55:28'),
(62, 'HUM1', 'INTRO TO HUMANITIES', 3, 0, 7, 1, '#8E24AA', '2019-05-12 03:55:54', '2019-05-12 03:55:54'),
(63, 'CS116', 'THESIS 1', 3, 0, 1, 0, '#5E35B1', '2019-05-12 03:56:23', '2019-05-12 03:56:23'),
(64, 'CS109D', 'WEB DEVELOPMENT 4', 3, 1, 1, 0, '#F4511E', '2019-05-12 03:56:43', '2019-05-12 03:56:43'),
(65, 'PSYCHO1', 'GENERAL PSYCHOLOGY', 3, 0, 7, 1, '#F4511E', '2019-05-12 03:57:04', '2019-05-12 03:57:04'),
(66, 'ELECT1', 'FREE ELECTIVE 1', 3, 0, 1, 1, '#00897B', '2019-05-12 03:57:50', '2019-05-12 03:57:50'),
(67, 'ELECT2', 'FREE ELECTIVE 2', 3, 0, 1, 1, '#8E24AA', '2019-05-12 03:58:11', '2019-05-12 03:58:16'),
(68, 'ITE14', 'MOBILE APPLICATION DEVELOPMENT', 3, 1, 1, 0, '#F4511E', '2019-05-12 03:58:41', '2019-05-12 03:58:41'),
(69, 'ITE13', 'OBJECT ORIENTED ANALYSIS AND DESIGN USING UML', 3, 1, 1, 0, '#C0CA33', '2019-05-12 03:59:10', '2019-05-12 03:59:10'),
(70, 'IT107', 'MULTIMEDIA SYSTEM (PURE LAB)', 3, 0, 1, 0, '#C0CA33', '2019-05-12 03:59:32', '2019-05-12 03:59:32'),
(71, 'STAT2', 'ADVANCE STATISTICS', 3, 0, 2, 1, '#7CB342', '2019-05-12 03:59:54', '2019-05-12 03:59:54'),
(72, 'RIZAL', 'LIFE AND WORKS OF RIZAL', 3, 0, 3, 1, '#FDD835', '2019-05-12 04:00:16', '2019-05-12 04:00:16'),
(73, 'CS109E', 'WEB DEVELOPMENT 5', 3, 1, 1, 0, '#FDD835', '2019-05-12 04:00:31', '2019-05-12 04:00:31'),
(74, 'ACCTG1A', 'FUNDAMENTALS OF ACCOUNTING 1', 3, 0, 5, 1, '#8E24AA', '2019-05-12 04:00:50', '2019-05-12 04:00:50'),
(75, 'CS117', 'THESIS 2', 3, 0, 1, 0, '#E53935', '2019-05-12 04:01:13', '2019-05-12 04:01:13'),
(76, 'CS118', 'COMPUTER GRAPHICS PROGRAMMING', 3, 1, 1, 0, '#43A047', '2019-05-12 04:01:32', '2019-05-12 04:01:32'),
(77, 'IT101', 'E-COMMERCE', 3, 0, 1, 0, '#00897B', '2019-05-12 04:01:51', '2019-05-12 04:01:51'),
(78, 'CS121', 'ANIMATION (PURE LAB)', 3, 0, 1, 0, '#8E24AA', '2019-05-12 04:02:15', '2019-05-12 04:02:15'),
(79, 'ELECT3', 'FREE ELECTIVE 3', 3, 0, 1, 1, '#00ACC1', '2019-05-12 04:02:42', '2019-05-12 04:02:42'),
(80, 'HIST1', 'PHILIPPINE HISTORY', 3, 0, 3, 1, '#D81B60', '2019-05-12 04:03:04', '2019-05-12 04:03:12'),
(81, 'ELECT4', 'FREE ELECTIVE 4', 3, 0, 1, 1, '#7CB342', '2019-05-12 04:03:31', '2019-05-12 04:03:31'),
(82, 'IT500', 'ON-THE-JOB TRAINING (500 HRS)', 9, 0, 1, 0, '#6D4C41', '2019-05-12 04:04:03', '2019-05-12 04:04:03'),
(83, 'CS120', 'SEMINARS', 3, 0, 1, 0, '#039BE5', '2019-05-12 04:04:26', '2019-05-12 04:04:26'),
(84, 'CS104C', 'DATABASE MANAGEMENT SYSTEM 3', 3, 1, 1, 0, '#5E35B1', '2019-05-12 14:18:06', '2019-05-12 14:18:06'),
(85, 'CS104D', 'DATABASE MANAGEMENT SYSTEM 4', 3, 1, 1, 0, '#00ACC1', '2019-05-12 14:21:17', '2019-05-12 14:21:17'),
(86, 'CS109F', 'WEB DEVELOPMENT 6', 3, 1, 1, 0, '#8E24AA', '2019-05-12 14:24:26', '2019-05-12 14:24:26'),
(87, 'CSINTRO', 'INTRODUCTION OT COMPUTER SCIENCE', 3, 1, 1, 0, '#E53935', '2019-05-12 14:25:30', '2019-05-12 14:25:30'),
(88, 'TRY1', 'TRY LANG', 3, 1, 1, 0, '#00ACC1', '2019-05-13 23:09:23', '2019-05-13 23:09:23');

-- --------------------------------------------------------

--
-- Table structure for table `course_requisites`
--

CREATE TABLE `course_requisites` (
  `id` int(10) UNSIGNED NOT NULL,
  `type` int(11) NOT NULL,
  `curriculum_course_id` int(11) NOT NULL,
  `pre_req_id` int(11) NOT NULL,
  `created_at` timestamp NULL DEFAULT NULL,
  `updated_at` timestamp NULL DEFAULT NULL
) ENGINE=InnoDB DEFAULT CHARSET=utf8mb4 COLLATE=utf8mb4_unicode_ci;

--
-- Dumping data for table `course_requisites`
--

INSERT INTO `course_requisites` (`id`, `type`, `curriculum_course_id`, `pre_req_id`, `created_at`, `updated_at`) VALUES
(53, 1, 64, 59, '2019-05-13 02:48:30', '2019-05-13 02:48:30'),
(54, 1, 65, 57, '2019-05-13 02:48:47', '2019-05-13 02:48:47'),
(55, 1, 66, 56, '2019-05-13 02:49:10', '2019-05-13 02:49:10'),
(56, 1, 67, 51, '2019-05-13 02:49:27', '2019-05-13 02:49:27'),
(57, 1, 68, 60, '2019-05-13 02:49:51', '2019-05-13 02:49:51'),
(58, 1, 69, 63, '2019-05-13 02:50:14', '2019-05-13 02:50:14'),
(59, 1, 70, 61, '2019-05-13 02:50:43', '2019-05-13 02:50:43'),
(60, 1, 71, 58, '2019-05-13 02:51:35', '2019-05-13 02:51:35'),
(61, 1, 72, 61, '2019-05-13 02:52:03', '2019-05-13 02:52:03'),
(62, 1, 73, 65, '2019-05-13 02:52:45', '2019-05-13 02:52:45'),
(63, 1, 74, 69, '2019-05-13 02:54:04', '2019-05-13 02:54:04'),
(64, 1, 75, 67, '2019-05-13 02:54:39', '2019-05-13 02:54:39'),
(70, 1, 81, 65, '2019-05-13 23:06:12', '2019-05-13 23:06:12'),
(71, 1, 83, 66, '2019-05-13 23:39:22', '2019-05-13 23:39:22'),
(73, 1, 84, 70, '2019-05-13 23:40:38', '2019-05-13 23:40:38'),
(74, 1, 85, 61, '2019-05-13 23:41:12', '2019-05-13 23:41:12'),
(75, 1, 86, 65, '2019-05-13 23:41:41', '2019-05-13 23:41:41'),
(76, 1, 89, 84, '2019-05-13 23:42:53', '2019-05-13 23:42:53'),
(77, 1, 90, 85, '2019-05-13 23:43:46', '2019-05-13 23:43:46'),
(78, 1, 91, 67, '2019-05-13 23:44:02', '2019-05-13 23:44:02'),
(79, 1, 92, 85, '2019-05-13 23:44:23', '2019-05-13 23:44:23'),
(80, 1, 93, 81, '2019-05-13 23:44:44', '2019-05-13 23:44:44'),
(81, 1, 94, 84, '2019-05-13 23:45:12', '2019-05-13 23:45:12'),
(82, 1, 95, 86, '2019-05-13 23:45:46', '2019-05-13 23:45:46'),
(83, 1, 96, 61, '2019-05-13 23:46:21', '2019-05-13 23:46:21'),
(84, 1, 97, 56, '2019-05-13 23:46:50', '2019-05-13 23:46:50'),
(85, 1, 98, 75, '2019-05-13 23:47:28', '2019-05-13 23:47:28'),
(86, 1, 99, 65, '2019-05-13 23:47:48', '2019-05-13 23:47:48'),
(87, 1, 100, 70, '2019-05-13 23:48:23', '2019-05-13 23:48:23'),
(88, 1, 101, 94, '2019-05-13 23:48:55', '2019-05-13 23:48:55'),
(89, 1, 102, 91, '2019-05-13 23:49:22', '2019-05-13 23:49:22'),
(90, 1, 103, 71, '2019-05-13 23:49:46', '2019-05-13 23:49:46'),
(91, 1, 104, 94, '2019-05-13 23:50:32', '2019-05-13 23:50:32'),
(92, 1, 105, 89, '2019-05-13 23:50:54', '2019-05-13 23:50:54'),
(93, 1, 107, 105, '2019-05-13 23:52:00', '2019-05-13 23:52:00'),
(94, 1, 107, 101, '2019-05-13 23:52:00', '2019-05-13 23:52:00'),
(95, 1, 108, 104, '2019-05-13 23:52:28', '2019-05-13 23:52:28'),
(96, 1, 108, 101, '2019-05-13 23:52:28', '2019-05-13 23:52:28'),
(97, 1, 112, 105, '2019-05-13 23:54:06', '2019-05-13 23:54:06'),
(98, 1, 113, 105, '2019-05-13 23:54:40', '2019-05-13 23:54:40'),
(99, 1, 114, 106, '2019-05-13 23:54:57', '2019-05-13 23:54:57'),
(100, 1, 115, 99, '2019-05-13 23:55:14', '2019-05-13 23:55:14'),
(101, 1, 117, 108, '2019-05-13 23:57:21', '2019-05-13 23:57:21'),
(102, 1, 118, 57, '2019-05-13 23:57:42', '2019-05-13 23:57:42'),
(103, 1, 119, 107, '2019-05-13 23:58:04', '2019-05-13 23:58:04'),
(104, 1, 120, 114, '2019-05-13 23:58:36', '2019-05-13 23:58:36'),
(105, 1, 121, 103, '2019-05-13 23:59:01', '2019-05-13 23:59:01'),
(106, 1, 122, 114, '2019-05-13 23:59:53', '2019-05-13 23:59:53'),
(139, 1, 206, 205, '2019-05-14 10:04:52', '2019-05-14 10:04:52');

-- --------------------------------------------------------

--
-- Table structure for table `curricula`
--

CREATE TABLE `curricula` (
  `id` int(10) UNSIGNED NOT NULL,
  `program_id` int(11) NOT NULL,
  `name` varchar(255) COLLATE utf8mb4_unicode_ci NOT NULL,
  `description` varchar(255) COLLATE utf8mb4_unicode_ci DEFAULT NULL,
  `year` varchar(191) COLLATE utf8mb4_unicode_ci NOT NULL,
  `user_id` int(11) NOT NULL,
  `is_saved` tinyint(1) NOT NULL DEFAULT '0',
  `year_level` int(11) NOT NULL,
  `created_at` timestamp NULL DEFAULT NULL,
  `updated_at` timestamp NULL DEFAULT NULL,
  `revision_no` int(11) NOT NULL,
  `ref_id` int(11) DEFAULT NULL
) ENGINE=InnoDB DEFAULT CHARSET=utf8mb4 COLLATE=utf8mb4_unicode_ci;

--
-- Dumping data for table `curricula`
--

INSERT INTO `curricula` (`id`, `program_id`, `name`, `description`, `year`, `user_id`, `is_saved`, `year_level`, `created_at`, `updated_at`, `revision_no`, `ref_id`) VALUES
(1, 1, 'INFORMATION TECHNOLOGY - WEB DEVELOPMENT', '2019 curriculum for it web dev', '2019', 2, 0, 4, '2019-05-10 06:49:16', '2019-05-19 13:46:34', 1, 1),
(30, 2, 'COMPUTER SCIENCE', 'try lang latest version', '2020', 2, 0, 4, '2019-05-14 10:05:21', '2019-05-14 10:05:21', 2, 2),
(31, 1, 'INFORMATION TECHNOLOGY - DATABASE ADMINISTRATION', 'curriculum for database administration', '2019', 2, 0, 4, '2019-05-14 11:35:08', '2019-05-14 11:35:08', 1, 31),
(34, 8, 'INFORMATION SYSTEMS', 'asdasd', '2020', 2, 0, 4, '2019-05-17 05:06:05', '2019-05-17 05:06:05', 2, 33),
(35, 10, 'ACCOUNTANCY', 'curriculum for accountancy', '2020', 7, 0, 6, '2019-05-17 05:11:30', '2019-05-17 05:11:30', 1, 35);

-- --------------------------------------------------------

--
-- Table structure for table `curriculum_courses`
--

CREATE TABLE `curriculum_courses` (
  `id` int(10) UNSIGNED NOT NULL,
  `curriculum_id` int(11) NOT NULL,
  `course_id` int(11) NOT NULL,
  `year_level` int(11) NOT NULL,
  `semester` int(11) NOT NULL,
  `is_active` tinyint(1) DEFAULT '1',
  `created_at` timestamp NULL DEFAULT NULL,
  `updated_at` timestamp NULL DEFAULT NULL
) ENGINE=InnoDB DEFAULT CHARSET=utf8mb4 COLLATE=utf8mb4_unicode_ci;

--
-- Dumping data for table `curriculum_courses`
--

INSERT INTO `curriculum_courses` (`id`, `curriculum_id`, `course_id`, `year_level`, `semester`, `is_active`, `created_at`, `updated_at`) VALUES
(51, 1, 25, 1, 1, 1, '2019-05-12 10:52:31', '2019-05-12 10:55:53'),
(56, 1, 17, 1, 1, 1, '2019-05-13 02:46:29', '2019-05-13 02:46:29'),
(57, 1, 18, 1, 1, 1, '2019-05-13 02:46:42', '2019-05-13 02:46:42'),
(58, 1, 21, 1, 1, 1, '2019-05-13 02:46:53', '2019-05-13 02:46:53'),
(59, 1, 22, 1, 1, 1, '2019-05-13 02:47:05', '2019-05-13 02:47:05'),
(60, 1, 24, 1, 1, 1, '2019-05-13 02:47:18', '2019-05-13 02:47:18'),
(61, 1, 23, 1, 1, 1, '2019-05-13 02:47:36', '2019-05-13 02:47:36'),
(62, 1, 20, 1, 1, 1, '2019-05-13 02:47:54', '2019-05-13 02:47:54'),
(63, 1, 19, 1, 1, 1, '2019-05-13 02:48:08', '2019-05-13 02:48:08'),
(64, 1, 26, 1, 2, 1, '2019-05-13 02:48:30', '2019-05-13 02:48:30'),
(65, 1, 27, 1, 2, 1, '2019-05-13 02:48:47', '2019-05-13 02:48:47'),
(66, 1, 28, 1, 2, 1, '2019-05-13 02:49:10', '2019-05-13 02:49:10'),
(67, 1, 29, 1, 2, 1, '2019-05-13 02:49:27', '2019-05-13 02:49:27'),
(68, 1, 30, 1, 2, 1, '2019-05-13 02:49:51', '2019-05-13 02:49:51'),
(69, 1, 31, 1, 2, 1, '2019-05-13 02:50:14', '2019-05-13 02:50:14'),
(70, 1, 32, 1, 2, 1, '2019-05-13 02:50:43', '2019-05-13 02:50:43'),
(71, 1, 33, 1, 2, 1, '2019-05-13 02:51:35', '2019-05-13 02:51:35'),
(72, 1, 34, 1, 2, 1, '2019-05-13 02:52:03', '2019-05-13 02:52:03'),
(73, 1, 35, 2, 1, 1, '2019-05-13 02:52:45', '2019-05-13 02:52:45'),
(74, 1, 36, 2, 1, 1, '2019-05-13 02:54:03', '2019-05-13 02:54:03'),
(75, 1, 37, 2, 1, 1, '2019-05-13 02:54:39', '2019-05-13 02:54:39'),
(81, 1, 38, 2, 1, 1, '2019-05-13 23:06:12', '2019-05-13 23:06:12'),
(83, 1, 39, 2, 1, 1, '2019-05-13 23:39:22', '2019-05-13 23:39:22'),
(84, 1, 40, 2, 1, 1, '2019-05-13 23:39:57', '2019-05-13 23:39:57'),
(85, 1, 41, 2, 1, 1, '2019-05-13 23:41:12', '2019-05-13 23:41:12'),
(86, 1, 42, 2, 1, 1, '2019-05-13 23:41:41', '2019-05-13 23:41:41'),
(87, 1, 43, 2, 1, 1, '2019-05-13 23:42:10', '2019-05-13 23:42:10'),
(88, 1, 44, 2, 1, 1, '2019-05-13 23:42:20', '2019-05-13 23:42:20'),
(89, 1, 45, 2, 2, 1, '2019-05-13 23:42:53', '2019-05-13 23:42:53'),
(90, 1, 46, 2, 2, 1, '2019-05-13 23:43:46', '2019-05-13 23:43:46'),
(91, 1, 47, 2, 2, 1, '2019-05-13 23:44:02', '2019-05-13 23:44:02'),
(92, 1, 48, 2, 2, 1, '2019-05-13 23:44:23', '2019-05-13 23:44:23'),
(93, 1, 49, 2, 2, 1, '2019-05-13 23:44:44', '2019-05-13 23:44:44'),
(94, 1, 50, 2, 2, 1, '2019-05-13 23:45:12', '2019-05-13 23:45:12'),
(95, 1, 51, 2, 2, 1, '2019-05-13 23:45:46', '2019-05-13 23:45:46'),
(96, 1, 52, 2, 2, 1, '2019-05-13 23:46:21', '2019-05-13 23:46:21'),
(97, 1, 53, 2, 2, 1, '2019-05-13 23:46:50', '2019-05-13 23:46:50'),
(98, 1, 54, 3, 1, 1, '2019-05-13 23:47:28', '2019-05-13 23:47:28'),
(99, 1, 55, 3, 1, 1, '2019-05-13 23:47:48', '2019-05-13 23:47:48'),
(100, 1, 56, 3, 1, 1, '2019-05-13 23:48:23', '2019-05-13 23:48:23'),
(101, 1, 57, 3, 1, 1, '2019-05-13 23:48:55', '2019-05-13 23:48:55'),
(102, 1, 58, 3, 1, 1, '2019-05-13 23:49:22', '2019-05-13 23:49:22'),
(103, 1, 59, 3, 1, 1, '2019-05-13 23:49:46', '2019-05-13 23:49:46'),
(104, 1, 60, 3, 1, 1, '2019-05-13 23:50:32', '2019-05-13 23:50:32'),
(105, 1, 61, 3, 1, 1, '2019-05-13 23:50:54', '2019-05-13 23:50:54'),
(106, 1, 62, 3, 1, 1, '2019-05-13 23:51:12', '2019-05-13 23:51:12'),
(107, 1, 63, 3, 2, 1, '2019-05-13 23:52:00', '2019-05-13 23:52:00'),
(108, 1, 64, 3, 2, 1, '2019-05-13 23:52:28', '2019-05-13 23:52:28'),
(109, 1, 65, 3, 2, 1, '2019-05-13 23:53:20', '2019-05-13 23:53:20'),
(110, 1, 66, 3, 2, 1, '2019-05-13 23:53:35', '2019-05-13 23:53:35'),
(111, 1, 67, 3, 2, 1, '2019-05-13 23:53:48', '2019-05-13 23:53:48'),
(112, 1, 68, 3, 2, 1, '2019-05-13 23:54:06', '2019-05-13 23:54:06'),
(113, 1, 69, 3, 2, 1, '2019-05-13 23:54:40', '2019-05-13 23:54:40'),
(114, 1, 70, 3, 2, 1, '2019-05-13 23:54:57', '2019-05-13 23:54:57'),
(115, 1, 71, 3, 2, 1, '2019-05-13 23:55:14', '2019-05-13 23:55:14'),
(116, 1, 72, 4, 1, 1, '2019-05-13 23:56:53', '2019-05-13 23:56:53'),
(117, 1, 73, 4, 1, 1, '2019-05-13 23:57:21', '2019-05-13 23:57:21'),
(118, 1, 74, 4, 1, 1, '2019-05-13 23:57:42', '2019-05-13 23:57:42'),
(119, 1, 75, 4, 1, 1, '2019-05-13 23:58:04', '2019-05-13 23:58:04'),
(120, 1, 76, 4, 1, 1, '2019-05-13 23:58:36', '2019-05-13 23:58:36'),
(121, 1, 77, 4, 1, 1, '2019-05-13 23:59:01', '2019-05-13 23:59:01'),
(122, 1, 78, 4, 1, 1, '2019-05-13 23:59:53', '2019-05-19 15:00:32'),
(123, 1, 79, 4, 1, 1, '2019-05-14 00:00:12', '2019-05-19 15:00:47'),
(124, 1, 80, 4, 1, 1, '2019-05-14 00:00:26', '2019-05-19 15:00:53'),
(125, 1, 81, 4, 2, 1, '2019-05-14 00:00:56', '2019-05-19 15:35:54'),
(126, 1, 82, 4, 2, 1, '2019-05-14 00:03:10', '2019-05-19 15:36:29'),
(127, 1, 83, 4, 2, 1, '2019-05-14 00:03:28', '2019-05-19 16:43:49'),
(205, 2, 17, 1, 1, 1, '2019-05-14 10:04:43', '2019-05-14 10:04:43'),
(206, 2, 28, 1, 2, 1, '2019-05-14 10:04:52', '2019-05-14 10:04:52'),
(207, 30, 17, 1, 1, 1, '2019-05-14 10:05:22', '2019-05-14 10:05:22'),
(209, 34, 17, 1, 1, 1, '2019-05-17 05:53:03', '2019-05-17 05:53:03'),
(210, 34, 18, 1, 1, 1, '2019-05-17 05:53:10', '2019-05-17 05:53:10');

-- --------------------------------------------------------

--
-- Table structure for table `curriculum_mapping_statuses`
--

CREATE TABLE `curriculum_mapping_statuses` (
  `id` int(10) UNSIGNED NOT NULL,
  `curriculum_id` int(11) NOT NULL,
  `status` tinyint(1) NOT NULL,
  `created_at` timestamp NULL DEFAULT NULL,
  `updated_at` timestamp NULL DEFAULT NULL
) ENGINE=InnoDB DEFAULT CHARSET=utf8mb4 COLLATE=utf8mb4_unicode_ci;

--
-- Dumping data for table `curriculum_mapping_statuses`
--

INSERT INTO `curriculum_mapping_statuses` (`id`, `curriculum_id`, `status`, `created_at`, `updated_at`) VALUES
(1, 1, 0, NULL, '2019-05-26 07:54:33'),
(2, 30, 1, NULL, '2019-05-26 06:43:27'),
(3, 31, 0, NULL, NULL),
(4, 34, 0, NULL, NULL),
(5, 35, 0, NULL, NULL);

-- --------------------------------------------------------

--
-- Table structure for table `curriculum_maps`
--

CREATE TABLE `curriculum_maps` (
  `id` int(10) UNSIGNED NOT NULL,
  `student_outcome_id` int(11) NOT NULL,
  `curriculum_course_id` int(11) NOT NULL,
  `is_checked` tinyint(1) NOT NULL,
  `learning_level_id` int(11) NOT NULL,
  `created_at` timestamp NULL DEFAULT NULL,
  `updated_at` timestamp NULL DEFAULT NULL
) ENGINE=InnoDB DEFAULT CHARSET=utf8mb4 COLLATE=utf8mb4_unicode_ci;

--
-- Dumping data for table `curriculum_maps`
--

INSERT INTO `curriculum_maps` (`id`, `student_outcome_id`, `curriculum_course_id`, `is_checked`, `learning_level_id`, `created_at`, `updated_at`) VALUES
(18, 7, 51, 0, 1, '2019-05-21 15:37:16', '2019-05-26 07:47:36'),
(19, 8, 51, 0, 1, '2019-05-21 15:37:16', '2019-05-26 07:47:36'),
(20, 9, 51, 0, 1, '2019-05-21 15:37:16', '2019-05-26 07:47:36'),
(21, 10, 51, 0, 1, '2019-05-21 15:39:52', '2019-05-26 07:47:36'),
(22, 11, 51, 0, 1, '2019-05-21 15:39:52', '2019-05-26 07:47:36'),
(23, 12, 51, 0, 1, '2019-05-21 15:39:52', '2019-05-26 07:47:36'),
(24, 13, 51, 0, 2, '2019-05-21 15:39:52', '2019-05-26 07:47:36'),
(25, 14, 51, 0, 1, '2019-05-21 15:39:52', '2019-05-26 07:47:36'),
(26, 7, 56, 0, 1, '2019-05-21 15:46:22', '2019-05-26 07:48:46'),
(27, 7, 73, 1, 1, '2019-05-21 15:47:12', '2019-05-21 15:47:23'),
(28, 8, 56, 0, 1, '2019-05-21 16:28:16', '2019-05-26 07:48:46'),
(29, 9, 56, 0, 1, '2019-05-21 16:28:16', '2019-05-26 07:48:46'),
(30, 11, 56, 0, 1, '2019-05-21 16:28:17', '2019-05-26 07:04:01'),
(31, 17, 51, 0, 3, '2019-05-21 16:28:47', '2019-05-26 07:48:06'),
(32, 8, 73, 1, 1, '2019-05-21 16:30:22', '2019-05-21 16:30:22'),
(33, 9, 73, 1, 2, '2019-05-21 16:30:22', '2019-05-21 16:30:22'),
(34, 7, 62, 0, 1, '2019-05-21 16:56:35', '2019-05-26 07:54:07'),
(35, 11, 63, 0, 1, '2019-05-21 16:56:35', '2019-05-26 07:54:07'),
(36, 10, 59, 0, 1, '2019-05-21 16:56:35', '2019-05-26 07:54:07'),
(37, 12, 96, 1, 1, '2019-05-21 16:56:35', '2019-05-21 16:56:35'),
(38, 12, 71, 1, 1, '2019-05-21 16:56:35', '2019-05-21 16:56:35'),
(39, 12, 68, 1, 1, '2019-05-21 16:56:35', '2019-05-21 16:56:35'),
(40, 8, 68, 1, 1, '2019-05-21 16:56:35', '2019-05-21 16:56:35'),
(41, 17, 127, 1, 3, '2019-05-21 16:56:35', '2019-05-21 16:56:35'),
(42, 10, 56, 0, 1, '2019-05-21 17:19:45', '2019-05-26 07:48:46'),
(43, 7, 57, 0, 2, '2019-05-21 17:19:45', '2019-05-26 07:49:18'),
(44, 15, 56, 0, 2, '2019-05-22 10:40:20', '2019-05-26 07:48:46'),
(45, 15, 51, 0, 1, '2019-05-22 10:40:20', '2019-05-26 07:54:07'),
(46, 10, 57, 0, 2, '2019-05-22 10:40:20', '2019-05-26 07:49:18'),
(47, 7, 60, 0, 1, '2019-05-22 10:45:20', '2019-05-26 07:54:07'),
(48, 9, 60, 0, 1, '2019-05-22 10:45:20', '2019-05-26 07:54:07'),
(49, 11, 60, 0, 1, '2019-05-22 10:45:20', '2019-05-26 07:54:07'),
(50, 14, 60, 0, 1, '2019-05-22 10:45:20', '2019-05-26 07:54:07'),
(51, 17, 60, 0, 1, '2019-05-22 10:45:20', '2019-05-26 07:54:07'),
(52, 16, 207, 0, 1, '2019-05-22 11:23:51', '2019-05-26 06:43:27'),
(53, 18, 207, 0, 1, '2019-05-22 11:23:52', '2019-05-26 06:41:25'),
(54, 12, 56, 0, 1, '2019-05-22 11:49:30', '2019-05-26 07:48:46'),
(55, 17, 56, 0, 1, '2019-05-22 11:49:31', '2019-05-26 07:48:46'),
(56, 9, 62, 0, 1, '2019-05-23 13:54:14', '2019-05-26 07:54:07'),
(57, 8, 59, 0, 2, '2019-05-23 14:04:52', '2019-05-26 07:54:07'),
(58, 17, 63, 0, 3, '2019-05-23 14:04:52', '2019-05-26 07:49:18'),
(59, 12, 61, 0, 1, '2019-05-23 14:04:52', '2019-05-26 07:54:07'),
(60, 15, 58, 0, 1, '2019-05-23 14:04:52', '2019-05-26 07:54:07'),
(61, 8, 64, 0, 1, '2019-05-23 14:04:52', '2019-05-26 07:47:36'),
(62, 12, 64, 0, 1, '2019-05-23 14:04:52', '2019-05-26 07:47:36'),
(63, 11, 66, 1, 1, '2019-05-23 14:04:52', '2019-05-23 14:04:52'),
(64, 13, 66, 1, 2, '2019-05-23 14:04:52', '2019-05-23 14:04:52'),
(65, 15, 66, 1, 2, '2019-05-23 14:04:52', '2019-05-23 14:04:52'),
(66, 12, 73, 1, 2, '2019-05-23 14:04:52', '2019-05-23 14:04:52'),
(67, 8, 75, 1, 2, '2019-05-23 14:04:52', '2019-05-23 14:04:52'),
(68, 9, 83, 1, 1, '2019-05-23 14:04:52', '2019-05-23 14:04:52'),
(69, 12, 83, 1, 1, '2019-05-23 14:04:52', '2019-05-23 14:04:52'),
(70, 14, 83, 1, 1, '2019-05-23 14:04:52', '2019-05-23 14:04:52'),
(71, 17, 83, 1, 1, '2019-05-23 14:04:52', '2019-05-23 14:04:52'),
(72, 7, 85, 1, 1, '2019-05-23 14:04:52', '2019-05-23 14:04:52'),
(73, 9, 85, 1, 1, '2019-05-23 14:04:52', '2019-05-23 14:04:52'),
(74, 12, 85, 1, 1, '2019-05-23 14:04:52', '2019-05-23 14:04:52'),
(75, 7, 89, 1, 1, '2019-05-23 14:04:52', '2019-05-23 14:04:52'),
(76, 9, 89, 1, 1, '2019-05-23 14:04:52', '2019-05-23 14:04:52'),
(77, 11, 89, 1, 1, '2019-05-23 14:04:52', '2019-05-23 14:04:52'),
(78, 12, 89, 1, 2, '2019-05-23 14:04:52', '2019-05-23 14:04:52'),
(79, 13, 89, 1, 2, '2019-05-23 14:04:52', '2019-05-23 14:04:52'),
(80, 14, 89, 1, 1, '2019-05-23 14:04:52', '2019-05-23 14:04:52'),
(81, 15, 89, 1, 1, '2019-05-23 14:04:52', '2019-05-23 14:04:52'),
(82, 7, 90, 1, 2, '2019-05-23 14:04:52', '2019-05-23 14:04:52'),
(83, 9, 90, 1, 1, '2019-05-23 14:04:52', '2019-05-23 14:04:52'),
(84, 10, 90, 1, 1, '2019-05-23 14:04:52', '2019-05-23 14:04:52'),
(85, 11, 90, 1, 1, '2019-05-23 14:04:52', '2019-05-23 14:04:52'),
(86, 13, 90, 1, 1, '2019-05-23 14:04:52', '2019-05-23 14:04:52'),
(87, 15, 90, 1, 1, '2019-05-23 14:04:52', '2019-05-23 14:04:52'),
(88, 12, 59, 0, 1, '2019-05-23 14:05:48', '2019-05-26 07:54:07'),
(89, 7, 125, 1, 1, '2019-05-23 15:56:00', '2019-05-23 15:56:00'),
(90, 8, 125, 1, 1, '2019-05-23 15:56:00', '2019-05-23 15:56:00'),
(91, 9, 125, 1, 1, '2019-05-23 15:56:00', '2019-05-23 15:56:00'),
(92, 10, 125, 1, 1, '2019-05-23 15:56:00', '2019-05-23 15:56:00'),
(93, 11, 125, 1, 1, '2019-05-23 15:56:00', '2019-05-23 15:56:00'),
(94, 12, 125, 1, 1, '2019-05-23 15:56:00', '2019-05-23 15:56:00'),
(95, 13, 125, 1, 2, '2019-05-23 15:56:00', '2019-05-23 15:56:00'),
(96, 14, 125, 1, 2, '2019-05-23 15:56:00', '2019-05-23 15:56:00'),
(97, 15, 125, 1, 1, '2019-05-23 15:56:00', '2019-05-23 15:56:00'),
(98, 8, 66, 1, 1, '2019-05-26 06:40:34', '2019-05-26 06:40:34'),
(99, 14, 64, 0, 1, '2019-05-26 06:40:34', '2019-05-26 07:47:37'),
(100, 17, 64, 0, 1, '2019-05-26 06:40:34', '2019-05-26 07:47:37'),
(101, 10, 70, 1, 1, '2019-05-26 06:40:34', '2019-05-26 06:40:34'),
(102, 8, 70, 1, 1, '2019-05-26 06:40:34', '2019-05-26 06:40:34'),
(103, 14, 70, 1, 1, '2019-05-26 06:40:34', '2019-05-26 06:40:34'),
(104, 7, 72, 1, 1, '2019-05-26 06:40:34', '2019-05-26 06:40:34'),
(105, 12, 72, 1, 2, '2019-05-26 06:40:34', '2019-05-26 06:40:34'),
(106, 14, 72, 1, 1, '2019-05-26 06:40:34', '2019-05-26 06:40:34'),
(107, 8, 58, 0, 2, '2019-05-26 07:04:01', '2019-05-26 07:24:34'),
(108, 10, 58, 0, 1, '2019-05-26 07:04:01', '2019-05-26 07:54:07'),
(109, 9, 64, 0, 1, '2019-05-26 07:08:15', '2019-05-26 07:47:37'),
(110, 7, 59, 0, 1, '2019-05-26 07:24:34', '2019-05-26 07:54:07'),
(111, 8, 61, 0, 2, '2019-05-26 07:24:34', '2019-05-26 07:54:07');

-- --------------------------------------------------------

--
-- Table structure for table `faculties`
--

CREATE TABLE `faculties` (
  `id` int(10) UNSIGNED NOT NULL,
  `college_id` int(11) NOT NULL,
  `user_id` int(11) NOT NULL,
  `is_active` int(11) NOT NULL DEFAULT '1',
  `created_at` timestamp NULL DEFAULT NULL,
  `updated_at` timestamp NULL DEFAULT NULL
) ENGINE=InnoDB DEFAULT CHARSET=utf8mb4 COLLATE=utf8mb4_unicode_ci;

--
-- Dumping data for table `faculties`
--

INSERT INTO `faculties` (`id`, `college_id`, `user_id`, `is_active`, `created_at`, `updated_at`) VALUES
(1, 1, 2, 1, '2019-05-05 05:27:38', '2019-05-06 04:47:20'),
(2, 6, 3, 1, '2019-05-05 05:32:31', '2019-05-06 04:27:30'),
(3, 4, 4, 1, '2019-05-05 05:33:57', '2019-05-06 04:50:36'),
(4, 5, 7, 1, '2019-05-05 05:56:43', '2019-05-06 02:17:05'),
(5, 2, 8, 1, '2019-05-05 20:18:29', '2019-05-06 04:35:09'),
(9, 2, 12, 1, '2019-05-05 22:55:21', '2019-05-22 16:10:02'),
(10, 1, 13, 1, '2019-05-05 22:57:31', '2019-05-05 22:57:31'),
(11, 1, 14, 1, '2019-05-05 23:13:47', '2019-05-05 23:13:47'),
(12, 3, 15, 1, '2019-05-06 04:37:00', '2019-05-06 04:37:21'),
(13, 1, 16, 1, '2019-05-06 06:44:04', '2019-05-06 06:44:04'),
(14, 7, 17, 1, '2019-05-06 06:44:51', '2019-05-12 03:23:19'),
(15, 1, 19, 1, '2019-05-22 16:10:48', '2019-05-22 16:10:48'),
(16, 1, 20, 1, '2019-05-22 17:30:10', '2019-05-22 17:30:10'),
(17, 2, 21, 1, '2019-05-22 17:31:21', '2019-05-22 17:31:21');

-- --------------------------------------------------------

--
-- Table structure for table `learning_levels`
--

CREATE TABLE `learning_levels` (
  `id` int(10) UNSIGNED NOT NULL,
  `name` varchar(191) COLLATE utf8mb4_unicode_ci NOT NULL,
  `description` text COLLATE utf8mb4_unicode_ci NOT NULL
) ENGINE=InnoDB DEFAULT CHARSET=utf8mb4 COLLATE=utf8mb4_unicode_ci;

--
-- Dumping data for table `learning_levels`
--

INSERT INTO `learning_levels` (`id`, `name`, `description`) VALUES
(1, 'Introduced', 'Students are introduced to knowledge and skills and are able to remember and understand what they have learned'),
(2, 'Reinforced', 'Students are practice through activities that help them learn how to apply their learning or skills'),
(3, 'Demonstrated', 'Students are able to integrate the knowledge and skills in order to accumulate, evaluate, and create new ideas');

-- --------------------------------------------------------

--
-- Table structure for table `migrations`
--

CREATE TABLE `migrations` (
  `id` int(10) UNSIGNED NOT NULL,
  `migration` varchar(191) COLLATE utf8mb4_unicode_ci NOT NULL,
  `batch` int(11) NOT NULL
) ENGINE=InnoDB DEFAULT CHARSET=utf8mb4 COLLATE=utf8mb4_unicode_ci;

--
-- Dumping data for table `migrations`
--

INSERT INTO `migrations` (`id`, `migration`, `batch`) VALUES
(1, '2014_10_12_000000_create_users_table', 1),
(2, '2014_10_12_100000_create_password_resets_table', 1),
(3, '2019_05_05_041123_create_colleges_table', 1),
(4, '2019_05_05_062239_create_faculties_table', 1),
(5, '2019_05_05_080234_create_user_types_table', 1),
(6, '2019_05_08_053251_create_programs_table', 2),
(7, '2019_05_08_122609_create_courses_table', 3),
(9, '2019_05_09_204319_create_curricula_table', 4),
(10, '2019_05_10_161302_create_curriculum_courses_table', 5),
(11, '2019_05_12_125034_create_course_requisites_table', 6),
(12, '2019_05_17_152255_create_performance_indicators_table', 7),
(13, '2019_05_17_152952_create_performance_criterias_table', 8),
(14, '2019_05_17_153034_create_student_outcomes_table', 8),
(15, '2019_05_17_153224_create_performance_criteria_indicators_table', 8),
(16, '2019_05_21_230434_create_curriculum_maps_table', 9),
(17, '2019_05_21_230457_create_learning_levels_table', 9),
(18, '2019_05_21_235242_create_curriculum_mapping_statuses_table', 10),
(19, '2019_05_24_010044_create_students_table', 11);

-- --------------------------------------------------------

--
-- Table structure for table `password_resets`
--

CREATE TABLE `password_resets` (
  `email` varchar(191) COLLATE utf8mb4_unicode_ci NOT NULL,
  `token` varchar(191) COLLATE utf8mb4_unicode_ci NOT NULL,
  `created_at` timestamp NULL DEFAULT NULL
) ENGINE=InnoDB DEFAULT CHARSET=utf8mb4 COLLATE=utf8mb4_unicode_ci;

-- --------------------------------------------------------

--
-- Table structure for table `performance_criterias`
--

CREATE TABLE `performance_criterias` (
  `id` int(10) UNSIGNED NOT NULL,
  `description` text COLLATE utf8mb4_unicode_ci NOT NULL,
  `student_outcome_id` int(11) NOT NULL,
  `created_at` timestamp NULL DEFAULT NULL,
  `updated_at` timestamp NULL DEFAULT NULL
) ENGINE=InnoDB DEFAULT CHARSET=utf8mb4 COLLATE=utf8mb4_unicode_ci;

--
-- Dumping data for table `performance_criterias`
--

INSERT INTO `performance_criterias` (`id`, `description`, `student_outcome_id`, `created_at`, `updated_at`) VALUES
(6, 'It was popularised in the 1960s with the release of Letraset sheets containing Lorem Ipsum passages, and more recently with desktop publishing software like Aldus PageMaker including versions of Lorem Ipsum', 7, '2019-05-17 14:43:14', '2019-05-17 14:43:14'),
(7, 'asdasd', 8, '2019-05-17 14:51:54', '2019-05-17 14:51:54'),
(8, 'asdasdasd', 9, '2019-05-18 03:26:45', '2019-05-18 03:26:45'),
(9, 'asdasdasd', 10, '2019-05-18 06:29:54', '2019-05-18 06:29:54'),
(10, 'asdasdasd', 11, '2019-05-18 06:43:44', '2019-05-18 06:43:44'),
(11, 'asdasd', 12, '2019-05-18 06:44:34', '2019-05-18 06:44:34'),
(12, 'asdasdasd', 13, '2019-05-18 06:46:21', '2019-05-18 06:46:21'),
(13, 'test', 14, '2019-05-18 06:48:06', '2019-05-18 07:29:58'),
(14, 'asdasd', 15, '2019-05-18 07:34:09', '2019-05-18 07:34:09'),
(15, 'asdasdasd', 16, '2019-05-18 07:40:22', '2019-05-18 07:40:22'),
(16, 'dddddd1', 17, '2019-05-18 13:22:49', '2019-05-18 13:23:02'),
(17, 'asdasd', 18, '2019-05-18 13:23:28', '2019-05-18 13:23:28'),
(18, 'asd', 19, '2019-05-18 13:33:48', '2019-05-18 13:33:48');

-- --------------------------------------------------------

--
-- Table structure for table `performance_criteria_indicators`
--

CREATE TABLE `performance_criteria_indicators` (
  `id` int(10) UNSIGNED NOT NULL,
  `performance_criteria_id` int(11) NOT NULL,
  `performance_indicator_id` int(11) NOT NULL,
  `description` text COLLATE utf8mb4_unicode_ci NOT NULL,
  `score_percentage` double(8,2) NOT NULL,
  `created_at` timestamp NULL DEFAULT NULL,
  `updated_at` timestamp NULL DEFAULT NULL
) ENGINE=InnoDB DEFAULT CHARSET=utf8mb4 COLLATE=utf8mb4_unicode_ci;

--
-- Dumping data for table `performance_criteria_indicators`
--

INSERT INTO `performance_criteria_indicators` (`id`, `performance_criteria_id`, `performance_indicator_id`, `description`, `score_percentage`, `created_at`, `updated_at`) VALUES
(6, 6, 1, 'Search for lorem ipsum will uncover many web sites still in their infancy', 25.00, '2019-05-17 14:43:14', '2019-05-17 14:43:14'),
(7, 6, 2, 'Various versions have evolved over the years, sometimes by accident, sometimes on purpose (injected humour and the like)', 50.00, '2019-05-17 14:43:14', '2019-05-17 14:43:14'),
(8, 6, 3, 'Randomised words which don\'t look even slightly believable. If you are going to use a passage of Lorem Ipsum, you need to be sure there isn\'t anything embarrassing hidden in the middle of text. All the Lorem Ipsum generators on the Internet tend to repeat predefined chunks as necessary, making this the first true generator on the Internet. It uses a dictionary of over 200 Latin words, combined with a handful of model sentence structures, to generate Lorem Ipsum which looks reasonable. The generated Lorem Ipsum is therefore always free from repetition, injected humour.', 75.00, '2019-05-17 14:43:14', '2019-05-17 14:43:14'),
(9, 6, 4, 'Contrary to popular belief, Lorem Ipsum is not simply random text. It has roots in a piece of classical Latin literature from 45 BC, making it over 2000 years old.', 95.00, '2019-05-17 14:43:14', '2019-05-17 14:43:14'),
(10, 7, 1, 'unsatisfactory', 25.00, '2019-05-17 14:51:54', '2019-05-17 14:51:54'),
(11, 7, 2, 'developing', 50.00, '2019-05-17 14:51:54', '2019-05-17 14:51:54'),
(12, 7, 3, 'satisfactory', 75.00, '2019-05-17 14:51:54', '2019-05-17 14:51:54'),
(13, 7, 4, 'exemplary', 95.00, '2019-05-17 14:51:54', '2019-05-17 14:51:54'),
(14, 8, 1, 'unsatisfactory', 25.00, '2019-05-18 03:26:45', '2019-05-18 03:26:45'),
(15, 8, 2, 'developing', 50.00, '2019-05-18 03:26:46', '2019-05-18 03:26:46'),
(16, 8, 3, 'satisfactory', 75.00, '2019-05-18 03:26:46', '2019-05-18 03:26:46'),
(17, 8, 4, 'exemplary', 95.00, '2019-05-18 03:26:46', '2019-05-18 03:26:46'),
(18, 9, 1, 'unsatisfactory', 26.00, '2019-05-18 06:29:54', '2019-05-18 06:29:54'),
(19, 9, 2, 'developing', 50.00, '2019-05-18 06:29:54', '2019-05-18 06:29:54'),
(20, 9, 3, 'satisfactory', 75.00, '2019-05-18 06:29:54', '2019-05-18 06:29:54'),
(21, 9, 4, 'exemplary', 95.00, '2019-05-18 06:29:54', '2019-05-18 06:29:54'),
(22, 10, 1, 'asd', 25.00, '2019-05-18 06:43:44', '2019-05-18 06:43:44'),
(23, 10, 2, 'asd', 50.00, '2019-05-18 06:43:44', '2019-05-18 06:43:44'),
(24, 10, 3, 'asdasd', 75.00, '2019-05-18 06:43:44', '2019-05-18 06:43:44'),
(25, 10, 4, 'asdasd', 95.00, '2019-05-18 06:43:45', '2019-05-18 06:43:45'),
(26, 11, 1, 'asd', 25.00, '2019-05-18 06:44:34', '2019-05-18 06:44:34'),
(27, 11, 2, 'asdasd', 50.00, '2019-05-18 06:44:34', '2019-05-18 06:44:34'),
(28, 11, 3, 'asdasd', 75.00, '2019-05-18 06:44:34', '2019-05-18 06:44:34'),
(29, 11, 4, 'asdasd', 95.00, '2019-05-18 06:44:34', '2019-05-18 06:44:34'),
(30, 12, 1, 'asdasd', 25.00, '2019-05-18 06:46:21', '2019-05-18 06:46:21'),
(31, 12, 2, 'asdasd', 50.00, '2019-05-18 06:46:21', '2019-05-18 06:46:21'),
(32, 12, 3, 'asdasdasd', 75.00, '2019-05-18 06:46:21', '2019-05-18 06:46:21'),
(33, 12, 4, 'asdasdadsad', 95.00, '2019-05-18 06:46:21', '2019-05-18 06:46:21'),
(34, 13, 1, 'unsatisfactory', 25.00, '2019-05-18 06:48:06', '2019-05-18 07:29:58'),
(35, 13, 2, 'developing', 50.00, '2019-05-18 06:48:07', '2019-05-18 07:29:58'),
(36, 13, 3, 'satisfactory', 75.00, '2019-05-18 06:48:07', '2019-05-18 07:29:58'),
(37, 13, 4, 'exemplary', 95.00, '2019-05-18 06:48:07', '2019-05-18 07:29:58'),
(38, 14, 1, 'asd', 25.00, '2019-05-18 07:34:09', '2019-05-18 07:34:09'),
(39, 14, 2, 'asdasd', 50.00, '2019-05-18 07:34:09', '2019-05-18 07:34:09'),
(40, 14, 3, 'asdasd', 75.00, '2019-05-18 07:34:09', '2019-05-18 07:34:09'),
(41, 14, 4, 'asdasd', 95.00, '2019-05-18 07:34:09', '2019-05-18 07:34:09'),
(42, 15, 1, 'asd', 25.00, '2019-05-18 07:40:22', '2019-05-18 07:40:22'),
(43, 15, 2, 'asd', 50.00, '2019-05-18 07:40:22', '2019-05-18 07:40:22'),
(44, 15, 3, 'asdasdsad', 75.00, '2019-05-18 07:40:22', '2019-05-18 07:40:22'),
(45, 15, 4, 'sdsdsd', 95.00, '2019-05-18 07:40:22', '2019-05-18 07:40:22'),
(46, 16, 1, 'ddd1', 25.00, '2019-05-18 13:22:49', '2019-05-18 13:23:02'),
(47, 16, 2, 'ddd1', 50.00, '2019-05-18 13:22:49', '2019-05-18 13:23:02'),
(48, 16, 3, 'ddd1', 75.00, '2019-05-18 13:22:49', '2019-05-18 13:23:02'),
(49, 16, 4, 'ddd1', 95.00, '2019-05-18 13:22:49', '2019-05-18 13:23:02'),
(50, 17, 1, 'asd', 25.00, '2019-05-18 13:23:28', '2019-05-18 13:23:28'),
(51, 17, 2, 'asd', 50.00, '2019-05-18 13:23:28', '2019-05-18 13:23:28'),
(52, 17, 3, 'asda', 75.00, '2019-05-18 13:23:28', '2019-05-18 13:23:28'),
(53, 17, 4, 'asd', 95.00, '2019-05-18 13:23:28', '2019-05-18 13:23:28'),
(54, 18, 1, 'asdasd', 25.00, '2019-05-18 13:33:48', '2019-05-18 13:33:48'),
(55, 18, 2, 'asdasd', 50.00, '2019-05-18 13:33:48', '2019-05-18 13:33:48'),
(56, 18, 3, 'asdasd', 75.00, '2019-05-18 13:33:48', '2019-05-18 13:33:48'),
(57, 18, 4, 'asdasd', 95.00, '2019-05-18 13:33:48', '2019-05-18 13:33:48');

-- --------------------------------------------------------

--
-- Table structure for table `performance_indicators`
--

CREATE TABLE `performance_indicators` (
  `id` int(10) UNSIGNED NOT NULL,
  `description` varchar(191) COLLATE utf8mb4_unicode_ci NOT NULL
) ENGINE=InnoDB DEFAULT CHARSET=utf8mb4 COLLATE=utf8mb4_unicode_ci;

--
-- Dumping data for table `performance_indicators`
--

INSERT INTO `performance_indicators` (`id`, `description`) VALUES
(1, 'Unsatisfactory'),
(2, 'Developing'),
(3, 'Satisfactory'),
(4, 'Exemplary');

-- --------------------------------------------------------

--
-- Table structure for table `programs`
--

CREATE TABLE `programs` (
  `id` int(10) UNSIGNED NOT NULL,
  `program_code` varchar(10) COLLATE utf8mb4_unicode_ci NOT NULL,
  `description` varchar(255) COLLATE utf8mb4_unicode_ci NOT NULL,
  `college_id` int(11) NOT NULL,
  `color` varchar(191) COLLATE utf8mb4_unicode_ci NOT NULL,
  `created_at` timestamp NULL DEFAULT NULL,
  `updated_at` timestamp NULL DEFAULT NULL
) ENGINE=InnoDB DEFAULT CHARSET=utf8mb4 COLLATE=utf8mb4_unicode_ci;

--
-- Dumping data for table `programs`
--

INSERT INTO `programs` (`id`, `program_code`, `description`, `college_id`, `color`, `created_at`, `updated_at`) VALUES
(1, 'BSIT', 'BACHELOR OF SCIENCE IN INFORMATION TECHNOLOGY', 1, '#00ACC1', '2019-05-07 23:08:33', '2019-05-08 00:26:11'),
(2, 'BSCS', 'BACHELOR OF SCIENCE IN COMPUTER SCIENCE', 1, '#FDD835', '2019-05-07 23:35:06', '2019-05-08 00:26:28'),
(8, 'BSIS', 'BACHELOR OF SCIENCE IN INFORMATION SYSTEMS', 1, '#43A047', '2019-05-08 00:42:01', '2019-05-08 02:32:31'),
(9, 'BSBA', 'BACHELOR OF SCIENCE IN BUSINESS ADMINISTRATION', 5, '#43A047', '2019-05-08 01:17:34', '2019-05-08 01:17:34'),
(10, 'BSA', 'BACHELOR OF SCIENCE IN ACCOUNTING', 5, '#00ACC1', '2019-05-08 01:31:31', '2019-05-08 01:31:31'),
(11, 'BSN', 'BACHELOR OF SCIENCE IN NURSING', 6, '#1E88E5', '2019-05-08 02:24:12', '2019-05-08 02:28:58'),
(12, 'BSIE', 'BACHELOR OF SCIENCE IN INDUSTRIAL ENGINEERING', 1, '#00ACC1', '2019-05-08 02:30:27', '2019-05-08 02:30:27');

-- --------------------------------------------------------

--
-- Table structure for table `students`
--

CREATE TABLE `students` (
  `id` int(10) UNSIGNED NOT NULL,
  `student_id` varchar(7) COLLATE utf8mb4_unicode_ci NOT NULL,
  `program_id` int(11) NOT NULL,
  `curriculum_id` int(11) NOT NULL,
  `user_id` int(11) NOT NULL,
  `created_at` timestamp NULL DEFAULT NULL,
  `updated_at` timestamp NULL DEFAULT NULL
) ENGINE=InnoDB DEFAULT CHARSET=utf8mb4 COLLATE=utf8mb4_unicode_ci;

--
-- Dumping data for table `students`
--

INSERT INTO `students` (`id`, `student_id`, `program_id`, `curriculum_id`, `user_id`, `created_at`, `updated_at`) VALUES
(1, '1923908', 2, 30, 22, '2019-05-23 19:00:14', '2019-05-24 14:40:38'),
(2, '1234568', 1, 1, 27, '2019-05-23 19:03:40', '2019-05-23 19:03:40'),
(3, '1234569', 1, 31, 28, '2019-05-23 19:06:15', '2019-05-23 19:06:15'),
(4, '1234560', 1, 31, 29, '2019-05-23 20:10:06', '2019-05-24 13:44:40'),
(5, '4567865', 1, 1, 30, '2019-05-23 20:43:16', '2019-05-23 20:43:16'),
(6, '1819564', 1, 1, 31, '2019-05-24 12:50:24', '2019-05-24 12:50:24'),
(7, '1789456', 1, 1, 32, '2019-05-24 12:56:55', '2019-05-24 12:56:55'),
(8, '1923456', 10, 35, 33, '2019-05-24 14:55:45', '2019-05-24 14:55:45');

-- --------------------------------------------------------

--
-- Table structure for table `student_outcomes`
--

CREATE TABLE `student_outcomes` (
  `id` int(10) UNSIGNED NOT NULL,
  `program_id` int(11) NOT NULL,
  `so_code` varchar(191) COLLATE utf8mb4_unicode_ci NOT NULL,
  `description` text COLLATE utf8mb4_unicode_ci NOT NULL,
  `created_at` timestamp NULL DEFAULT NULL,
  `updated_at` timestamp NULL DEFAULT NULL
) ENGINE=InnoDB DEFAULT CHARSET=utf8mb4 COLLATE=utf8mb4_unicode_ci;

--
-- Dumping data for table `student_outcomes`
--

INSERT INTO `student_outcomes` (`id`, `program_id`, `so_code`, `description`, `created_at`, `updated_at`) VALUES
(7, 1, 'IT01', 'Lorem Ipsum is simply dummy text of the printing and typesetting industry', '2019-05-17 14:43:14', '2019-05-17 14:43:14'),
(8, 1, 'IT02', 'asdasdasd', '2019-05-17 14:51:54', '2019-05-17 14:51:54'),
(9, 1, 'IT03', 'erwerwer', '2019-05-18 03:26:45', '2019-05-18 03:26:45'),
(10, 1, 'IT04', 'try lang', '2019-05-18 06:29:54', '2019-05-18 06:29:54'),
(11, 1, 'IT05', 'asdasdasd', '2019-05-18 06:43:44', '2019-05-18 06:43:44'),
(12, 1, 'IT06', 'asdasd', '2019-05-18 06:44:34', '2019-05-18 06:44:34'),
(13, 1, 'IT07', 'asdasdasd', '2019-05-18 06:46:21', '2019-05-18 06:46:21'),
(14, 1, 'IT08', 'try', '2019-05-18 06:48:06', '2019-05-18 07:30:23'),
(15, 1, 'IT09', 'asdasd', '2019-05-18 07:34:09', '2019-05-18 07:34:09'),
(16, 2, 'CS01', 'asdasdasd', '2019-05-18 07:40:22', '2019-05-18 07:40:22'),
(17, 1, 'IT10', 'dddddddd', '2019-05-18 13:22:49', '2019-05-18 13:22:49'),
(18, 2, 'CS02', 'tryasd', '2019-05-18 13:23:28', '2019-05-18 13:23:28'),
(19, 10, 'BA01', 'asdasd', '2019-05-18 13:33:48', '2019-05-18 13:33:48');

-- --------------------------------------------------------

--
-- Table structure for table `users`
--

CREATE TABLE `users` (
  `id` int(10) UNSIGNED NOT NULL,
  `first_name` varchar(191) COLLATE utf8mb4_unicode_ci NOT NULL,
  `last_name` varchar(191) COLLATE utf8mb4_unicode_ci NOT NULL,
  `middle_name` varchar(191) COLLATE utf8mb4_unicode_ci DEFAULT NULL,
  `email` varchar(191) COLLATE utf8mb4_unicode_ci NOT NULL,
  `password` varchar(191) COLLATE utf8mb4_unicode_ci NOT NULL,
  `contact_no` varchar(191) COLLATE utf8mb4_unicode_ci DEFAULT NULL,
  `date_of_birth` varchar(191) COLLATE utf8mb4_unicode_ci NOT NULL,
  `sex` varchar(191) COLLATE utf8mb4_unicode_ci NOT NULL,
  `address` varchar(191) COLLATE utf8mb4_unicode_ci DEFAULT NULL,
  `user_type_id` varchar(191) COLLATE utf8mb4_unicode_ci NOT NULL,
  `is_active` tinyint(1) DEFAULT '1',
  `remember_token` varchar(100) COLLATE utf8mb4_unicode_ci DEFAULT NULL,
  `created_at` timestamp NULL DEFAULT NULL,
  `updated_at` timestamp NULL DEFAULT NULL
) ENGINE=InnoDB DEFAULT CHARSET=utf8mb4 COLLATE=utf8mb4_unicode_ci;

--
-- Dumping data for table `users`
--

INSERT INTO `users` (`id`, `first_name`, `last_name`, `middle_name`, `email`, `password`, `contact_no`, `date_of_birth`, `sex`, `address`, `user_type_id`, `is_active`, `remember_token`, `created_at`, `updated_at`) VALUES
(2, 'JASPER', 'DIONGCO', 'PATUBO', 'jasperdiongco@gmail.com', '$2y$10$cJ5aI4kBY1tfB8oTq7yXIODpJ3YEayFLEpA4b8MVoIcu8SYs1JY1y', '09151606316', '23 Apr 1999', 'M', 'Cabuyao, Laguna', 'dean', 1, '8QLnLF9QalHVYiEqEagQJ8KcTwwLUsR8XGA5G6ST0EHws6x963UJkMa1WfIS', '2019-05-05 05:27:38', '2019-05-24 16:11:36'),
(3, 'JOHN', 'DOE', 'SMITH', 'johndoe@gmail.com', '$2y$10$/nvGNjis..htaL7SySoLr.Aj6nNPx0.5p5OWUkNXjYyGaQq9sHAQy', NULL, '23 Apr 1999', 'M', NULL, 'dean', 1, NULL, '2019-05-05 05:32:31', '2019-05-06 04:27:30'),
(4, 'JUAN', 'CRUZ', 'DELA', 'juandelacruz@gmail.com', '$2y$10$gyvWCofZWSLXL53Vr310c.3wGAalS3I7uan9ZZSnxmmX9H5mPaad.', NULL, '09 May 2001', 'M', NULL, 'dean', 1, NULL, '2019-05-05 05:33:57', '2019-05-06 04:50:35'),
(7, 'ANNA', 'LOPEZ', 'VIDA', 'annavida@gmail.com', '$2y$10$JNmLAe8Gs4pn/tl666TDRuk1/mRYvNahqMU9pqh1WpCbjslrlQCJK', '09123-123-123', '04 May 1995', 'F', NULL, 'dean', 1, NULL, '2019-05-05 05:56:43', '2019-05-23 13:35:49'),
(8, 'JOHN CARLO', 'LOPEZ', 'TRY', 'test@gmail.com', '$2y$10$FrIAAFs4iDcTmBjOaXN6FuibUoN87UEMEPUG9e35L8BnK1KIhFpS6', '091233323112', '23 Apr 1999', 'M', 'Cabuyao, Laguna', 'dean', 1, NULL, '2019-05-05 20:18:29', '2019-05-06 04:35:09'),
(12, 'TEST', 'TRY', NULL, 'test1@gmail.com', '$2y$10$.ggAFkK9L92ZP95hYqagOuL71YWIREjd1W.aCT7z3Gl27jKA5DgNm', NULL, '02 Feb 2011', 'F', NULL, 'prof', 1, NULL, '2019-05-05 22:55:21', '2019-05-22 16:10:02'),
(13, 'TRY AGAIN', 'TRY', '', 'try@gmail.com', '$2y$10$LCYx3Q5CfpwPTUraD2hTEuvJEni7dB1d1Nfh2fS7.Bc47.N3VYu7C', NULL, '05 May 1990', 'M', NULL, 'prof', 1, NULL, '2019-05-05 22:57:31', '2019-05-05 22:57:31'),
(14, 'ASD', 'ASD', 'ASD', 'asd@gmail.com', '$2y$10$tWVpiPFADk6zVtH0LpYiQ.NzW74vuoKiA11MD9Nd87F0iK16jDtqq', NULL, '01 May 2019', 'F', NULL, 'prof', 1, NULL, '2019-05-05 23:13:47', '2019-05-05 23:13:47'),
(15, 'ROMOLO', 'TACMOY', 'TRY', 'tacmoy@gmail.com', '$2y$10$btBlCGIE.9GkXXDv7Hwq0OUOxpBY3rIEKeCBUBopIt4.Zxr1Q.6F6', NULL, '17 May 1990', 'M', NULL, 'dean', 1, NULL, '2019-05-06 04:37:00', '2019-05-06 04:37:21'),
(16, 'VINCENT', 'ORTEGA', 'JOHN', 'vincent@gmail.com', '$2y$10$C/r5p4kTHI7T17/E0EkOLuw9NfCGOM5h7nl1RS9G.w381LlkcmoRe', '09129998987', '01 May 1994', 'M', 'Cabuyao, Laguna', 'prof', 1, NULL, '2019-05-06 06:44:04', '2019-05-23 13:45:04'),
(17, 'RICHLYN', 'REBANA', 'TRY', 'rich@gmail.com', '$2y$10$TSz2wgB5RoexytAckr.DX.H7SA5gqCgXBiNIdLX92aseEcZb5Yv7O', NULL, '11 Jun 1997', 'F', NULL, 'dean', 1, NULL, '2019-05-06 06:44:51', '2019-05-12 03:23:19'),
(18, 'SUPER', 'ADMIN', '', 'superadmin@me.com', '$2y$10$HLF0cAij4GIxSBAmSpw84OIKLtrpu7wK/Nu5ZeShvXyfmTT34ugMy', NULL, '23 Apr 1999', 'M', NULL, 's_admin', 1, NULL, '2019-05-07 21:18:52', '2019-05-07 21:18:52'),
(19, 'RYAN', 'FOSTER', 'TRY', 'foster@gmail.com', '$2y$10$Io7Qc8wcz7BRgJIS7DKQkuN5MZpdabFJz9aoPFng2xDJ7dzHtnKgK', NULL, '07 May 1991', 'M', NULL, 'prof', 1, NULL, '2019-05-22 16:10:48', '2019-05-22 19:03:52'),
(20, 'JEPEE', 'ASD', 'TRYL', 'jepee@gmail.com', '$2y$10$.3sWCuNml0P0VrQ5XQ5uAudWHd1skzllWv8KGqd6xDXOA3pgURFFS', '09898776767', '04 Jan 2000', 'M', NULL, 'prof', 0, NULL, '2019-05-22 17:30:10', '2019-05-22 19:34:32'),
(21, 'JOHN MARK', 'ASD', 'TRY', 'johnmark@gmail.com', '$2y$10$.s6cNLIHYXEc2xAZPl7i5e5/loCeLW170Az2af55Hx4qTTwKTuIbW', '09898778767', '08 Feb 1990', 'M', NULL, 'prof', 1, NULL, '2019-05-22 17:31:20', '2019-05-22 17:31:20'),
(22, 'TEST', 'TEST UPDATED', 'TEST', 'updated@gmail.com', '$2y$10$zTpXB.LzBPFOdkKB4I.zeO8XDlOzmLf22Yg6dyOuWEv28hl5oND4a', NULL, '1990-05-01T18:50:00.000Z', 'M', NULL, 'stud', 1, NULL, '2019-05-23 19:00:13', '2019-05-24 14:54:06'),
(27, 'TEST', 'TEST', 'TEST', 't1@gmail.com', '$2y$10$C03i5ralKZAiX9YqZZdZ0urOTM44OKOtsGSXNA50aDcLy8JwVdzjW', NULL, '1990-05-01T18:50:00.000Z', 'M', NULL, 'stud', 1, NULL, '2019-05-23 19:03:40', '2019-05-23 19:03:40'),
(28, 'TEST', 'TRY', 'LANG', 'trry1@gmail.com', '$2y$10$dc79ASuKcxOUtjwqUH7/hO73Z9RpU0jUlU9nq1fWZY3nqQ8kRoQPO', NULL, '1990-02-06T19:05:00.000Z', 'F', NULL, 'stud', 1, NULL, '2019-05-23 19:06:15', '2019-05-23 19:06:15'),
(29, 'JP', 'PATZ', 'ASD', 'qwe@gmail.com', '$2y$10$0zSXvYhEjTGRLHWpotZiqOXY.FxTZYmk/iqLj58CgFCmRdfzrk9YS', NULL, '1991-01-31T20:09:00.000Z', 'M', NULL, 'stud', 1, NULL, '2019-05-23 20:10:06', '2019-05-24 13:44:40'),
(30, 'GABRIEL', 'OLIVARES', 'DIO', 'gab@gmail.com', '$2y$10$0sX0gmNPwSEGLunQ6k9CXuJ57vXR8bHiUEJBvJfPWg8a38xWI93hG', NULL, '1990-05-31T20:42:00.000Z', 'M', NULL, 'stud', 1, NULL, '2019-05-23 20:43:16', '2019-05-23 20:43:16'),
(31, 'JOHN', 'FLORA', 'TEST', 'flora@gmail.com', '$2y$10$MtB.s2hNJo0FlWrGNEm2FuWUJkM3ZVmVhgm.AnMEwHo9CMOeVvsiu', NULL, '2000-02-02T12:49:00.000Z', 'M', NULL, 'stud', 1, NULL, '2019-05-24 12:50:24', '2019-05-24 12:50:24'),
(32, 'JOHN KEVIN', 'QWERR', 'TEST', 'kevin@gmail.com', '$2y$10$T3LqOU8HxZpYPuXSnzNFTO2HbTdkee6iKNBPoVXBX3MD2SEolXKQe', NULL, '2000-02-02T12:55:00.000Z', 'M', NULL, 'stud', 1, NULL, '2019-05-24 12:56:55', '2019-05-24 15:23:20'),
(33, 'MAE', 'DELA CRUZ', 'TEST', 'mae@gmail.com', '$2y$10$fh/BnKRQ1HdWcCkog9ByReJzNUDoNtjC9R3voisTqzIyb6FVI.2Ja', NULL, '2000-05-31T14:54:00.000Z', 'F', NULL, 'stud', 1, NULL, '2019-05-24 14:55:45', '2019-05-24 14:55:45');

-- --------------------------------------------------------

--
-- Table structure for table `user_types`
--

CREATE TABLE `user_types` (
  `id` varchar(191) COLLATE utf8mb4_unicode_ci NOT NULL,
  `description` varchar(191) COLLATE utf8mb4_unicode_ci NOT NULL
) ENGINE=InnoDB DEFAULT CHARSET=utf8mb4 COLLATE=utf8mb4_unicode_ci;

--
-- Dumping data for table `user_types`
--

INSERT INTO `user_types` (`id`, `description`) VALUES
('stud', 'Student'),
('prof', 'Professor'),
('dean', 'Dean'),
('s_admin', 'Super Admin');

--
-- Indexes for dumped tables
--

--
-- Indexes for table `colleges`
--
ALTER TABLE `colleges`
  ADD PRIMARY KEY (`id`),
  ADD UNIQUE KEY `colleges_college_code_unique` (`college_code`);

--
-- Indexes for table `courses`
--
ALTER TABLE `courses`
  ADD PRIMARY KEY (`id`);

--
-- Indexes for table `course_requisites`
--
ALTER TABLE `course_requisites`
  ADD PRIMARY KEY (`id`);

--
-- Indexes for table `curricula`
--
ALTER TABLE `curricula`
  ADD PRIMARY KEY (`id`);

--
-- Indexes for table `curriculum_courses`
--
ALTER TABLE `curriculum_courses`
  ADD PRIMARY KEY (`id`);

--
-- Indexes for table `curriculum_mapping_statuses`
--
ALTER TABLE `curriculum_mapping_statuses`
  ADD PRIMARY KEY (`id`);

--
-- Indexes for table `curriculum_maps`
--
ALTER TABLE `curriculum_maps`
  ADD PRIMARY KEY (`id`);

--
-- Indexes for table `faculties`
--
ALTER TABLE `faculties`
  ADD PRIMARY KEY (`id`);

--
-- Indexes for table `learning_levels`
--
ALTER TABLE `learning_levels`
  ADD PRIMARY KEY (`id`);

--
-- Indexes for table `migrations`
--
ALTER TABLE `migrations`
  ADD PRIMARY KEY (`id`);

--
-- Indexes for table `password_resets`
--
ALTER TABLE `password_resets`
  ADD KEY `password_resets_email_index` (`email`);

--
-- Indexes for table `performance_criterias`
--
ALTER TABLE `performance_criterias`
  ADD PRIMARY KEY (`id`);

--
-- Indexes for table `performance_criteria_indicators`
--
ALTER TABLE `performance_criteria_indicators`
  ADD PRIMARY KEY (`id`);

--
-- Indexes for table `performance_indicators`
--
ALTER TABLE `performance_indicators`
  ADD PRIMARY KEY (`id`);

--
-- Indexes for table `programs`
--
ALTER TABLE `programs`
  ADD PRIMARY KEY (`id`);

--
-- Indexes for table `students`
--
ALTER TABLE `students`
  ADD PRIMARY KEY (`id`);

--
-- Indexes for table `student_outcomes`
--
ALTER TABLE `student_outcomes`
  ADD PRIMARY KEY (`id`);

--
-- Indexes for table `users`
--
ALTER TABLE `users`
  ADD PRIMARY KEY (`id`),
  ADD UNIQUE KEY `users_email_unique` (`email`);

--
-- AUTO_INCREMENT for dumped tables
--

--
-- AUTO_INCREMENT for table `colleges`
--
ALTER TABLE `colleges`
  MODIFY `id` int(10) UNSIGNED NOT NULL AUTO_INCREMENT, AUTO_INCREMENT=8;

--
-- AUTO_INCREMENT for table `courses`
--
ALTER TABLE `courses`
  MODIFY `id` int(10) UNSIGNED NOT NULL AUTO_INCREMENT, AUTO_INCREMENT=89;

--
-- AUTO_INCREMENT for table `course_requisites`
--
ALTER TABLE `course_requisites`
  MODIFY `id` int(10) UNSIGNED NOT NULL AUTO_INCREMENT, AUTO_INCREMENT=140;

--
-- AUTO_INCREMENT for table `curricula`
--
ALTER TABLE `curricula`
  MODIFY `id` int(10) UNSIGNED NOT NULL AUTO_INCREMENT, AUTO_INCREMENT=36;

--
-- AUTO_INCREMENT for table `curriculum_courses`
--
ALTER TABLE `curriculum_courses`
  MODIFY `id` int(10) UNSIGNED NOT NULL AUTO_INCREMENT, AUTO_INCREMENT=211;

--
-- AUTO_INCREMENT for table `curriculum_mapping_statuses`
--
ALTER TABLE `curriculum_mapping_statuses`
  MODIFY `id` int(10) UNSIGNED NOT NULL AUTO_INCREMENT, AUTO_INCREMENT=6;

--
-- AUTO_INCREMENT for table `curriculum_maps`
--
ALTER TABLE `curriculum_maps`
  MODIFY `id` int(10) UNSIGNED NOT NULL AUTO_INCREMENT, AUTO_INCREMENT=112;

--
-- AUTO_INCREMENT for table `faculties`
--
ALTER TABLE `faculties`
  MODIFY `id` int(10) UNSIGNED NOT NULL AUTO_INCREMENT, AUTO_INCREMENT=18;

--
-- AUTO_INCREMENT for table `learning_levels`
--
ALTER TABLE `learning_levels`
  MODIFY `id` int(10) UNSIGNED NOT NULL AUTO_INCREMENT, AUTO_INCREMENT=4;

--
-- AUTO_INCREMENT for table `migrations`
--
ALTER TABLE `migrations`
  MODIFY `id` int(10) UNSIGNED NOT NULL AUTO_INCREMENT, AUTO_INCREMENT=20;

--
-- AUTO_INCREMENT for table `performance_criterias`
--
ALTER TABLE `performance_criterias`
  MODIFY `id` int(10) UNSIGNED NOT NULL AUTO_INCREMENT, AUTO_INCREMENT=19;

--
-- AUTO_INCREMENT for table `performance_criteria_indicators`
--
ALTER TABLE `performance_criteria_indicators`
  MODIFY `id` int(10) UNSIGNED NOT NULL AUTO_INCREMENT, AUTO_INCREMENT=58;

--
-- AUTO_INCREMENT for table `performance_indicators`
--
ALTER TABLE `performance_indicators`
  MODIFY `id` int(10) UNSIGNED NOT NULL AUTO_INCREMENT, AUTO_INCREMENT=5;

--
-- AUTO_INCREMENT for table `programs`
--
ALTER TABLE `programs`
  MODIFY `id` int(10) UNSIGNED NOT NULL AUTO_INCREMENT, AUTO_INCREMENT=13;

--
-- AUTO_INCREMENT for table `students`
--
ALTER TABLE `students`
  MODIFY `id` int(10) UNSIGNED NOT NULL AUTO_INCREMENT, AUTO_INCREMENT=9;

--
-- AUTO_INCREMENT for table `student_outcomes`
--
ALTER TABLE `student_outcomes`
  MODIFY `id` int(10) UNSIGNED NOT NULL AUTO_INCREMENT, AUTO_INCREMENT=20;

--
-- AUTO_INCREMENT for table `users`
--
ALTER TABLE `users`
  MODIFY `id` int(10) UNSIGNED NOT NULL AUTO_INCREMENT, AUTO_INCREMENT=34;
COMMIT;

/*!40101 SET CHARACTER_SET_CLIENT=@OLD_CHARACTER_SET_CLIENT */;
/*!40101 SET CHARACTER_SET_RESULTS=@OLD_CHARACTER_SET_RESULTS */;
/*!40101 SET COLLATION_CONNECTION=@OLD_COLLATION_CONNECTION */;
